dataset,train_size_label,train_size,seed,split,model,metric,accuracy,balanced_accuracy,macro_f1,fit_seconds,predict_seconds,total_seconds,device,test_size,n_samples_total,n_features_raw,n_numeric_features,n_categorical_features,n_features_after_preprocessing,random_state,test_size_ratio,data_cache,input_representation,notes
adult,512,512,42,adult_fixed_test_seed42_train512,LightGBM,accuracy,0.8337,0.7527,0.7624,0.0584,0.1144,0.1727,cpu,9769,48842,14,6,8,79,42,0.2,data/raw/adult_openml.csv,median-impute numeric + one-hot categorical,Phase 5 scalability train-size row with train_size=512 and the fixed Phase 4 baseline settings.
adult,512,512,42,adult_fixed_test_seed42_train512,XGBoost,accuracy,0.8454,0.7707,0.7801,0.2507,0.051,0.3017,cpu,9769,48842,14,6,8,79,42,0.2,data/raw/adult_openml.csv,median-impute numeric + one-hot categorical,Phase 5 scalability train-size row with train_size=512 and the fixed Phase 4 baseline settings.
adult,512,512,42,adult_fixed_test_seed42_train512,TabPFN v2,accuracy,0.8433,0.7613,0.7738,0.2694,3.758,4.0273,cuda,9769,48842,14,6,8,14,42,0.2,data/raw/adult_openml.csv,median-impute numeric + ordinal categorical,Phase 5 scalability train-size row; seed-specific stratified train subset with train_size=512; trained within TabPFN support range.
adult,512,512,42,adult_fixed_test_seed42_train512,TabICL,accuracy,0.8414,0.7583,0.7709,0.6676,2.948,3.6157,cuda,9769,48842,14,6,8,14,42,0.2,data/raw/adult_openml.csv,TabICL TransformToNumerical (ordinal categorical + default numeric imputation),Phase 5 scalability train-size row; seed-specific stratified train subset with train_size=512; uses the official tabicl-classifier-v2-20260212.ckpt checkpoint.
adult,512,512,43,adult_fixed_test_seed43_train512,LightGBM,accuracy,0.8194,0.7466,0.7493,0.0406,0.1301,0.1708,cpu,9769,48842,14,6,8,84,43,0.2,data/raw/adult_openml.csv,median-impute numeric + one-hot categorical,Phase 5 scalability train-size row with train_size=512 and the fixed Phase 4 baseline settings.
adult,512,512,43,adult_fixed_test_seed43_train512,XGBoost,accuracy,0.8257,0.7517,0.7562,0.0722,0.0502,0.1224,cpu,9769,48842,14,6,8,84,43,0.2,data/raw/adult_openml.csv,median-impute numeric + one-hot categorical,Phase 5 scalability train-size row with train_size=512 and the fixed Phase 4 baseline settings.
adult,512,512,43,adult_fixed_test_seed43_train512,TabPFN v2,accuracy,0.8439,0.757,0.7721,0.2568,2.6045,2.8613,cuda,9769,48842,14,6,8,14,43,0.2,data/raw/adult_openml.csv,median-impute numeric + ordinal categorical,Phase 5 scalability train-size row; seed-specific stratified train subset with train_size=512; trained within TabPFN support range.
adult,512,512,43,adult_fixed_test_seed43_train512,TabICL,accuracy,0.8427,0.7685,0.7769,0.4665,2.8254,3.2919,cuda,9769,48842,14,6,8,14,43,0.2,data/raw/adult_openml.csv,TabICL TransformToNumerical (ordinal categorical + default numeric imputation),Phase 5 scalability train-size row; seed-specific stratified train subset with train_size=512; uses the official tabicl-classifier-v2-20260212.ckpt checkpoint.
adult,512,512,44,adult_fixed_test_seed44_train512,LightGBM,accuracy,0.8243,0.7334,0.7454,0.0404,0.115,0.1554,cpu,9769,48842,14,6,8,83,44,0.2,data/raw/adult_openml.csv,median-impute numeric + one-hot categorical,Phase 5 scalability train-size row with train_size=512 and the fixed Phase 4 baseline settings.
adult,512,512,44,adult_fixed_test_seed44_train512,XGBoost,accuracy,0.831,0.7381,0.7526,0.0701,0.0487,0.1188,cpu,9769,48842,14,6,8,83,44,0.2,data/raw/adult_openml.csv,median-impute numeric + one-hot categorical,Phase 5 scalability train-size row with train_size=512 and the fixed Phase 4 baseline settings.
adult,512,512,44,adult_fixed_test_seed44_train512,TabPFN v2,accuracy,0.8363,0.7325,0.7529,0.0936,2.6189,2.7125,cuda,9769,48842,14,6,8,14,44,0.2,data/raw/adult_openml.csv,median-impute numeric + ordinal categorical,Phase 5 scalability train-size row; seed-specific stratified train subset with train_size=512; trained within TabPFN support range.
adult,512,512,44,adult_fixed_test_seed44_train512,TabICL,accuracy,0.8385,0.7366,0.7568,0.3948,2.884,3.2788,cuda,9769,48842,14,6,8,14,44,0.2,data/raw/adult_openml.csv,TabICL TransformToNumerical (ordinal categorical + default numeric imputation),Phase 5 scalability train-size row; seed-specific stratified train subset with train_size=512; uses the official tabicl-classifier-v2-20260212.ckpt checkpoint.
adult,512,512,45,adult_fixed_test_seed45_train512,LightGBM,accuracy,0.8312,0.7385,0.7529,0.0447,0.1182,0.1629,cpu,9769,48842,14,6,8,85,45,0.2,data/raw/adult_openml.csv,median-impute numeric + one-hot categorical,Phase 5 scalability train-size row with train_size=512 and the fixed Phase 4 baseline settings.
adult,512,512,45,adult_fixed_test_seed45_train512,XGBoost,accuracy,0.8395,0.7538,0.7672,0.0868,0.0521,0.1389,cpu,9769,48842,14,6,8,85,45,0.2,data/raw/adult_openml.csv,median-impute numeric + one-hot categorical,Phase 5 scalability train-size row with train_size=512 and the fixed Phase 4 baseline settings.
adult,512,512,45,adult_fixed_test_seed45_train512,TabPFN v2,accuracy,0.8504,0.7393,0.7669,0.094,2.5809,2.6749,cuda,9769,48842,14,6,8,14,45,0.2,data/raw/adult_openml.csv,median-impute numeric + ordinal categorical,Phase 5 scalability train-size row; seed-specific stratified train subset with train_size=512; trained within TabPFN support range.
adult,512,512,45,adult_fixed_test_seed45_train512,TabICL,accuracy,0.8477,0.745,0.7683,0.3689,2.8232,3.1921,cuda,9769,48842,14,6,8,14,45,0.2,data/raw/adult_openml.csv,TabICL TransformToNumerical (ordinal categorical + default numeric imputation),Phase 5 scalability train-size row; seed-specific stratified train subset with train_size=512; uses the official tabicl-classifier-v2-20260212.ckpt checkpoint.
adult,512,512,46,adult_fixed_test_seed46_train512,LightGBM,accuracy,0.8283,0.7303,0.7463,0.0429,0.118,0.1609,cpu,9769,48842,14,6,8,82,46,0.2,data/raw/adult_openml.csv,median-impute numeric + one-hot categorical,Phase 5 scalability train-size row with train_size=512 and the fixed Phase 4 baseline settings.
adult,512,512,46,adult_fixed_test_seed46_train512,XGBoost,accuracy,0.8306,0.7283,0.7465,0.0808,0.0489,0.1297,cpu,9769,48842,14,6,8,82,46,0.2,data/raw/adult_openml.csv,median-impute numeric + one-hot categorical,Phase 5 scalability train-size row with train_size=512 and the fixed Phase 4 baseline settings.
adult,512,512,46,adult_fixed_test_seed46_train512,TabPFN v2,accuracy,0.8443,0.7441,0.7653,0.1257,2.5963,2.722,cuda,9769,48842,14,6,8,14,46,0.2,data/raw/adult_openml.csv,median-impute numeric + ordinal categorical,Phase 5 scalability train-size row; seed-specific stratified train subset with train_size=512; trained within TabPFN support range.
adult,512,512,46,adult_fixed_test_seed46_train512,TabICL,accuracy,0.8428,0.7411,0.7625,0.3872,2.7903,3.1775,cuda,9769,48842,14,6,8,14,46,0.2,data/raw/adult_openml.csv,TabICL TransformToNumerical (ordinal categorical + default numeric imputation),Phase 5 scalability train-size row; seed-specific stratified train subset with train_size=512; uses the official tabicl-classifier-v2-20260212.ckpt checkpoint.
adult,2048,2048,42,adult_fixed_test_seed42_train2048,LightGBM,accuracy,0.8508,0.7692,0.7835,0.0849,0.1087,0.1936,cpu,9769,48842,14,6,8,98,42,0.2,data/raw/adult_openml.csv,median-impute numeric + one-hot categorical,Phase 5 scalability train-size row with train_size=2048 and the fixed Phase 4 baseline settings.
adult,2048,2048,42,adult_fixed_test_seed42_train2048,XGBoost,accuracy,0.8603,0.7793,0.7959,0.1254,0.0489,0.1743,cpu,9769,48842,14,6,8,98,42,0.2,data/raw/adult_openml.csv,median-impute numeric + one-hot categorical,Phase 5 scalability train-size row with train_size=2048 and the fixed Phase 4 baseline settings.
adult,2048,2048,42,adult_fixed_test_seed42_train2048,TabPFN v2,accuracy,0.8552,0.7707,0.7876,0.1412,3.6236,3.7648,cuda,9769,48842,14,6,8,14,42,0.2,data/raw/adult_openml.csv,median-impute numeric + ordinal categorical,Phase 5 scalability train-size row; seed-specific stratified train subset with train_size=2048; trained within TabPFN support range.
adult,2048,2048,42,adult_fixed_test_seed42_train2048,TabICL,accuracy,0.8556,0.7673,0.7863,0.3669,1.954,2.3209,cuda,9769,48842,14,6,8,14,42,0.2,data/raw/adult_openml.csv,TabICL TransformToNumerical (ordinal categorical + default numeric imputation),Phase 5 scalability train-size row; seed-specific stratified train subset with train_size=2048; uses the official tabicl-classifier-v2-20260212.ckpt checkpoint.
adult,2048,2048,43,adult_fixed_test_seed43_train2048,LightGBM,accuracy,0.8525,0.7782,0.7891,0.0846,0.1135,0.1981,cpu,9769,48842,14,6,8,99,43,0.2,data/raw/adult_openml.csv,median-impute numeric + one-hot categorical,Phase 5 scalability train-size row with train_size=2048 and the fixed Phase 4 baseline settings.
adult,2048,2048,43,adult_fixed_test_seed43_train2048,XGBoost,accuracy,0.8564,0.7822,0.7941,0.1326,0.0491,0.1817,cpu,9769,48842,14,6,8,99,43,0.2,data/raw/adult_openml.csv,median-impute numeric + one-hot categorical,Phase 5 scalability train-size row with train_size=2048 and the fixed Phase 4 baseline settings.
adult,2048,2048,43,adult_fixed_test_seed43_train2048,TabPFN v2,accuracy,0.8548,0.7775,0.7907,0.1204,3.5965,3.717,cuda,9769,48842,14,6,8,14,43,0.2,data/raw/adult_openml.csv,median-impute numeric + ordinal categorical,Phase 5 scalability train-size row; seed-specific stratified train subset with train_size=2048; trained within TabPFN support range.
adult,2048,2048,43,adult_fixed_test_seed43_train2048,TabICL,accuracy,0.8572,0.7802,0.7938,0.4057,1.9491,2.3548,cuda,9769,48842,14,6,8,14,43,0.2,data/raw/adult_openml.csv,TabICL TransformToNumerical (ordinal categorical + default numeric imputation),Phase 5 scalability train-size row; seed-specific stratified train subset with train_size=2048; uses the official tabicl-classifier-v2-20260212.ckpt checkpoint.
adult,2048,2048,44,adult_fixed_test_seed44_train2048,LightGBM,accuracy,0.8375,0.7488,0.7631,0.0856,0.1158,0.2014,cpu,9769,48842,14,6,8,100,44,0.2,data/raw/adult_openml.csv,median-impute numeric + one-hot categorical,Phase 5 scalability train-size row with train_size=2048 and the fixed Phase 4 baseline settings.
adult,2048,2048,44,adult_fixed_test_seed44_train2048,XGBoost,accuracy,0.8502,0.756,0.7763,0.1302,0.0491,0.1793,cpu,9769,48842,14,6,8,100,44,0.2,data/raw/adult_openml.csv,median-impute numeric + one-hot categorical,Phase 5 scalability train-size row with train_size=2048 and the fixed Phase 4 baseline settings.
adult,2048,2048,44,adult_fixed_test_seed44_train2048,TabPFN v2,accuracy,0.849,0.7574,0.7761,0.1236,3.6175,3.7411,cuda,9769,48842,14,6,8,14,44,0.2,data/raw/adult_openml.csv,median-impute numeric + ordinal categorical,Phase 5 scalability train-size row; seed-specific stratified train subset with train_size=2048; trained within TabPFN support range.
adult,2048,2048,44,adult_fixed_test_seed44_train2048,TabICL,accuracy,0.8502,0.7601,0.7785,0.3951,1.9769,2.372,cuda,9769,48842,14,6,8,14,44,0.2,data/raw/adult_openml.csv,TabICL TransformToNumerical (ordinal categorical + default numeric imputation),Phase 5 scalability train-size row; seed-specific stratified train subset with train_size=2048; uses the official tabicl-classifier-v2-20260212.ckpt checkpoint.
adult,2048,2048,45,adult_fixed_test_seed45_train2048,LightGBM,accuracy,0.8481,0.7605,0.777,0.0872,0.1128,0.2,cpu,9769,48842,14,6,8,96,45,0.2,data/raw/adult_openml.csv,median-impute numeric + one-hot categorical,Phase 5 scalability train-size row with train_size=2048 and the fixed Phase 4 baseline settings.
adult,2048,2048,45,adult_fixed_test_seed45_train2048,XGBoost,accuracy,0.8626,0.7708,0.7937,0.1338,0.0536,0.1874,cpu,9769,48842,14,6,8,96,45,0.2,data/raw/adult_openml.csv,median-impute numeric + one-hot categorical,Phase 5 scalability train-size row with train_size=2048 and the fixed Phase 4 baseline settings.
adult,2048,2048,45,adult_fixed_test_seed45_train2048,TabPFN v2,accuracy,0.8582,0.7645,0.787,0.1405,3.8031,3.9436,cuda,9769,48842,14,6,8,14,45,0.2,data/raw/adult_openml.csv,median-impute numeric + ordinal categorical,Phase 5 scalability train-size row; seed-specific stratified train subset with train_size=2048; trained within TabPFN support range.
adult,2048,2048,45,adult_fixed_test_seed45_train2048,TabICL,accuracy,0.8591,0.7674,0.7892,0.393,2.0413,2.4343,cuda,9769,48842,14,6,8,14,45,0.2,data/raw/adult_openml.csv,TabICL TransformToNumerical (ordinal categorical + default numeric imputation),Phase 5 scalability train-size row; seed-specific stratified train subset with train_size=2048; uses the official tabicl-classifier-v2-20260212.ckpt checkpoint.
adult,2048,2048,46,adult_fixed_test_seed46_train2048,LightGBM,accuracy,0.8464,0.7652,0.7781,0.0838,0.1151,0.1989,cpu,9769,48842,14,6,8,96,46,0.2,data/raw/adult_openml.csv,median-impute numeric + one-hot categorical,Phase 5 scalability train-size row with train_size=2048 and the fixed Phase 4 baseline settings.
adult,2048,2048,46,adult_fixed_test_seed46_train2048,XGBoost,accuracy,0.8579,0.7734,0.7912,0.1243,0.0514,0.1757,cpu,9769,48842,14,6,8,96,46,0.2,data/raw/adult_openml.csv,median-impute numeric + one-hot categorical,Phase 5 scalability train-size row with train_size=2048 and the fixed Phase 4 baseline settings.
adult,2048,2048,46,adult_fixed_test_seed46_train2048,TabPFN v2,accuracy,0.8588,0.7735,0.792,0.1369,3.8243,3.9612,cuda,9769,48842,14,6,8,14,46,0.2,data/raw/adult_openml.csv,median-impute numeric + ordinal categorical,Phase 5 scalability train-size row; seed-specific stratified train subset with train_size=2048; trained within TabPFN support range.
adult,2048,2048,46,adult_fixed_test_seed46_train2048,TabICL,accuracy,0.86,0.7746,0.7934,0.4688,2.0673,2.5361,cuda,9769,48842,14,6,8,14,46,0.2,data/raw/adult_openml.csv,TabICL TransformToNumerical (ordinal categorical + default numeric imputation),Phase 5 scalability train-size row; seed-specific stratified train subset with train_size=2048; uses the official tabicl-classifier-v2-20260212.ckpt checkpoint.
adult,8192,8192,42,adult_fixed_test_seed42_train8192,LightGBM,accuracy,0.8666,0.7916,0.8067,0.2153,0.093,0.3083,cpu,9769,48842,14,6,8,104,42,0.2,data/raw/adult_openml.csv,median-impute numeric + one-hot categorical,Phase 5 scalability train-size row with train_size=8192 and the fixed Phase 4 baseline settings.
adult,8192,8192,42,adult_fixed_test_seed42_train8192,XGBoost,accuracy,0.8682,0.7898,0.8073,0.3451,0.0494,0.3945,cpu,9769,48842,14,6,8,104,42,0.2,data/raw/adult_openml.csv,median-impute numeric + one-hot categorical,Phase 5 scalability train-size row with train_size=8192 and the fixed Phase 4 baseline settings.
adult,8192,8192,42,adult_fixed_test_seed42_train8192,TabPFN v2,accuracy,0.8612,0.7811,0.7975,0.3107,10.1527,10.4634,cuda,9769,48842,14,6,8,14,42,0.2,data/raw/adult_openml.csv,median-impute numeric + ordinal categorical,Phase 5 scalability train-size row; seed-specific stratified train subset with train_size=8192; trained within TabPFN support range.
adult,8192,8192,42,adult_fixed_test_seed42_train8192,TabICL,accuracy,0.8682,0.7852,0.8052,0.4581,4.1469,4.605,cuda,9769,48842,14,6,8,14,42,0.2,data/raw/adult_openml.csv,TabICL TransformToNumerical (ordinal categorical + default numeric imputation),Phase 5 scalability train-size row; seed-specific stratified train subset with train_size=8192; uses the official tabicl-classifier-v2-20260212.ckpt checkpoint.
adult,8192,8192,43,adult_fixed_test_seed43_train8192,LightGBM,accuracy,0.8688,0.7944,0.8098,0.26,0.0993,0.3593,cpu,9769,48842,14,6,8,104,43,0.2,data/raw/adult_openml.csv,median-impute numeric + one-hot categorical,Phase 5 scalability train-size row with train_size=8192 and the fixed Phase 4 baseline settings.
adult,8192,8192,43,adult_fixed_test_seed43_train8192,XGBoost,accuracy,0.8691,0.7927,0.8093,0.3298,0.0536,0.3834,cpu,9769,48842,14,6,8,104,43,0.2,data/raw/adult_openml.csv,median-impute numeric + one-hot categorical,Phase 5 scalability train-size row with train_size=8192 and the fixed Phase 4 baseline settings.
adult,8192,8192,43,adult_fixed_test_seed43_train8192,TabPFN v2,accuracy,0.8627,0.7843,0.8002,0.3169,10.098,10.4149,cuda,9769,48842,14,6,8,14,43,0.2,data/raw/adult_openml.csv,median-impute numeric + ordinal categorical,Phase 5 scalability train-size row; seed-specific stratified train subset with train_size=8192; trained within TabPFN support range.
adult,8192,8192,43,adult_fixed_test_seed43_train8192,TabICL,accuracy,0.8707,0.7915,0.8102,0.4338,4.0889,4.5227,cuda,9769,48842,14,6,8,14,43,0.2,data/raw/adult_openml.csv,TabICL TransformToNumerical (ordinal categorical + default numeric imputation),Phase 5 scalability train-size row; seed-specific stratified train subset with train_size=8192; uses the official tabicl-classifier-v2-20260212.ckpt checkpoint.
adult,8192,8192,44,adult_fixed_test_seed44_train8192,LightGBM,accuracy,0.8661,0.7936,0.8072,0.2556,0.1013,0.3569,cpu,9769,48842,14,6,8,104,44,0.2,data/raw/adult_openml.csv,median-impute numeric + one-hot categorical,Phase 5 scalability train-size row with train_size=8192 and the fixed Phase 4 baseline settings.
adult,8192,8192,44,adult_fixed_test_seed44_train8192,XGBoost,accuracy,0.8669,0.7847,0.8039,0.3264,0.0506,0.377,cpu,9769,48842,14,6,8,104,44,0.2,data/raw/adult_openml.csv,median-impute numeric + one-hot categorical,Phase 5 scalability train-size row with train_size=8192 and the fixed Phase 4 baseline settings.
adult,8192,8192,44,adult_fixed_test_seed44_train8192,TabPFN v2,accuracy,0.8548,0.7681,0.7861,0.3001,10.07,10.3701,cuda,9769,48842,14,6,8,14,44,0.2,data/raw/adult_openml.csv,median-impute numeric + ordinal categorical,Phase 5 scalability train-size row; seed-specific stratified train subset with train_size=8192; trained within TabPFN support range.
adult,8192,8192,44,adult_fixed_test_seed44_train8192,TabICL,accuracy,0.8642,0.7828,0.8007,0.4511,4.1024,4.5535,cuda,9769,48842,14,6,8,14,44,0.2,data/raw/adult_openml.csv,TabICL TransformToNumerical (ordinal categorical + default numeric imputation),Phase 5 scalability train-size row; seed-specific stratified train subset with train_size=8192; uses the official tabicl-classifier-v2-20260212.ckpt checkpoint.
adult,8192,8192,45,adult_fixed_test_seed45_train8192,LightGBM,accuracy,0.8683,0.7878,0.8065,0.26,0.0961,0.3561,cpu,9769,48842,14,6,8,104,45,0.2,data/raw/adult_openml.csv,median-impute numeric + one-hot categorical,Phase 5 scalability train-size row with train_size=8192 and the fixed Phase 4 baseline settings.
adult,8192,8192,45,adult_fixed_test_seed45_train8192,XGBoost,accuracy,0.8727,0.7867,0.8098,0.3166,0.0513,0.3679,cpu,9769,48842,14,6,8,104,45,0.2,data/raw/adult_openml.csv,median-impute numeric + one-hot categorical,Phase 5 scalability train-size row with train_size=8192 and the fixed Phase 4 baseline settings.
adult,8192,8192,45,adult_fixed_test_seed45_train8192,TabPFN v2,accuracy,0.861,0.7818,0.7977,0.2981,9.9426,10.2406,cuda,9769,48842,14,6,8,14,45,0.2,data/raw/adult_openml.csv,median-impute numeric + ordinal categorical,Phase 5 scalability train-size row; seed-specific stratified train subset with train_size=8192; trained within TabPFN support range.
adult,8192,8192,45,adult_fixed_test_seed45_train8192,TabICL,accuracy,0.8678,0.7856,0.8051,0.4422,4.0659,4.5081,cuda,9769,48842,14,6,8,14,45,0.2,data/raw/adult_openml.csv,TabICL TransformToNumerical (ordinal categorical + default numeric imputation),Phase 5 scalability train-size row; seed-specific stratified train subset with train_size=8192; uses the official tabicl-classifier-v2-20260212.ckpt checkpoint.
adult,8192,8192,46,adult_fixed_test_seed46_train8192,LightGBM,accuracy,0.8661,0.7918,0.8064,0.2614,0.0925,0.3539,cpu,9769,48842,14,6,8,104,46,0.2,data/raw/adult_openml.csv,median-impute numeric + one-hot categorical,Phase 5 scalability train-size row with train_size=8192 and the fixed Phase 4 baseline settings.
adult,8192,8192,46,adult_fixed_test_seed46_train8192,XGBoost,accuracy,0.869,0.7903,0.8082,0.3206,0.0526,0.3731,cpu,9769,48842,14,6,8,104,46,0.2,data/raw/adult_openml.csv,median-impute numeric + one-hot categorical,Phase 5 scalability train-size row with train_size=8192 and the fixed Phase 4 baseline settings.
adult,8192,8192,46,adult_fixed_test_seed46_train8192,TabPFN v2,accuracy,0.8614,0.7748,0.7947,0.3125,10.0787,10.3912,cuda,9769,48842,14,6,8,14,46,0.2,data/raw/adult_openml.csv,median-impute numeric + ordinal categorical,Phase 5 scalability train-size row; seed-specific stratified train subset with train_size=8192; trained within TabPFN support range.
adult,8192,8192,46,adult_fixed_test_seed46_train8192,TabICL,accuracy,0.867,0.7849,0.8041,0.4502,4.1078,4.558,cuda,9769,48842,14,6,8,14,46,0.2,data/raw/adult_openml.csv,TabICL TransformToNumerical (ordinal categorical + default numeric imputation),Phase 5 scalability train-size row; seed-specific stratified train subset with train_size=8192; uses the official tabicl-classifier-v2-20260212.ckpt checkpoint.
adult,10000,10000,42,adult_fixed_test_seed42_train10000,LightGBM,accuracy,0.8684,0.7924,0.8086,0.228,0.0937,0.3217,cpu,9769,48842,14,6,8,104,42,0.2,data/raw/adult_openml.csv,median-impute numeric + one-hot categorical,Phase 5 scalability train-size row with train_size=10000 and the fixed Phase 4 baseline settings.
adult,10000,10000,42,adult_fixed_test_seed42_train10000,XGBoost,accuracy,0.8681,0.7875,0.8062,0.3754,0.0497,0.4251,cpu,9769,48842,14,6,8,104,42,0.2,data/raw/adult_openml.csv,median-impute numeric + one-hot categorical,Phase 5 scalability train-size row with train_size=10000 and the fixed Phase 4 baseline settings.
adult,10000,10000,42,adult_fixed_test_seed42_train10000,TabPFN v2,accuracy,0.8621,0.7807,0.7981,0.3549,12.5712,12.9261,cuda,9769,48842,14,6,8,14,42,0.2,data/raw/adult_openml.csv,median-impute numeric + ordinal categorical,Phase 5 scalability train-size row; seed-specific stratified train subset with train_size=10000; trained within TabPFN support range.
adult,10000,10000,42,adult_fixed_test_seed42_train10000,TabICL,accuracy,0.8703,0.7907,0.8095,0.4594,4.7568,5.2162,cuda,9769,48842,14,6,8,14,42,0.2,data/raw/adult_openml.csv,TabICL TransformToNumerical (ordinal categorical + default numeric imputation),Phase 5 scalability train-size row; seed-specific stratified train subset with train_size=10000; uses the official tabicl-classifier-v2-20260212.ckpt checkpoint.
adult,10000,10000,43,adult_fixed_test_seed43_train10000,LightGBM,accuracy,0.8712,0.7963,0.8128,0.2283,0.1002,0.3285,cpu,9769,48842,14,6,8,105,43,0.2,data/raw/adult_openml.csv,median-impute numeric + one-hot categorical,Phase 5 scalability train-size row with train_size=10000 and the fixed Phase 4 baseline settings.
adult,10000,10000,43,adult_fixed_test_seed43_train10000,XGBoost,accuracy,0.8708,0.7927,0.8108,0.3784,0.0505,0.4289,cpu,9769,48842,14,6,8,105,43,0.2,data/raw/adult_openml.csv,median-impute numeric + one-hot categorical,Phase 5 scalability train-size row with train_size=10000 and the fixed Phase 4 baseline settings.
adult,10000,10000,43,adult_fixed_test_seed43_train10000,TabPFN v2,accuracy,0.8641,0.785,0.8017,0.3505,12.4772,12.8277,cuda,9769,48842,14,6,8,14,43,0.2,data/raw/adult_openml.csv,median-impute numeric + ordinal categorical,Phase 5 scalability train-size row; seed-specific stratified train subset with train_size=10000; trained within TabPFN support range.
adult,10000,10000,43,adult_fixed_test_seed43_train10000,TabICL,accuracy,0.8698,0.7917,0.8095,0.4541,4.7485,5.2026,cuda,9769,48842,14,6,8,14,43,0.2,data/raw/adult_openml.csv,TabICL TransformToNumerical (ordinal categorical + default numeric imputation),Phase 5 scalability train-size row; seed-specific stratified train subset with train_size=10000; uses the official tabicl-classifier-v2-20260212.ckpt checkpoint.
adult,10000,10000,44,adult_fixed_test_seed44_train10000,LightGBM,accuracy,0.8688,0.7947,0.8099,0.2243,0.0908,0.3151,cpu,9769,48842,14,6,8,104,44,0.2,data/raw/adult_openml.csv,median-impute numeric + one-hot categorical,Phase 5 scalability train-size row with train_size=10000 and the fixed Phase 4 baseline settings.
adult,10000,10000,44,adult_fixed_test_seed44_train10000,XGBoost,accuracy,0.8671,0.7851,0.8043,0.3632,0.052,0.4152,cpu,9769,48842,14,6,8,104,44,0.2,data/raw/adult_openml.csv,median-impute numeric + one-hot categorical,Phase 5 scalability train-size row with train_size=10000 and the fixed Phase 4 baseline settings.
adult,10000,10000,44,adult_fixed_test_seed44_train10000,TabPFN v2,accuracy,0.8561,0.7679,0.787,0.364,12.3166,12.6806,cuda,9769,48842,14,6,8,14,44,0.2,data/raw/adult_openml.csv,median-impute numeric + ordinal categorical,Phase 5 scalability train-size row; seed-specific stratified train subset with train_size=10000; trained within TabPFN support range.
adult,10000,10000,44,adult_fixed_test_seed44_train10000,TabICL,accuracy,0.864,0.7856,0.8018,0.49,4.8545,5.3444,cuda,9769,48842,14,6,8,14,44,0.2,data/raw/adult_openml.csv,TabICL TransformToNumerical (ordinal categorical + default numeric imputation),Phase 5 scalability train-size row; seed-specific stratified train subset with train_size=10000; uses the official tabicl-classifier-v2-20260212.ckpt checkpoint.
adult,10000,10000,45,adult_fixed_test_seed45_train10000,LightGBM,accuracy,0.8699,0.7895,0.8086,0.286,0.1151,0.4011,cpu,9769,48842,14,6,8,104,45,0.2,data/raw/adult_openml.csv,median-impute numeric + one-hot categorical,Phase 5 scalability train-size row with train_size=10000 and the fixed Phase 4 baseline settings.
adult,10000,10000,45,adult_fixed_test_seed45_train10000,XGBoost,accuracy,0.8727,0.7869,0.8098,0.4173,0.0594,0.4767,cpu,9769,48842,14,6,8,104,45,0.2,data/raw/adult_openml.csv,median-impute numeric + one-hot categorical,Phase 5 scalability train-size row with train_size=10000 and the fixed Phase 4 baseline settings.
adult,10000,10000,45,adult_fixed_test_seed45_train10000,TabPFN v2,accuracy,0.8619,0.786,0.8003,0.3885,12.2326,12.6211,cuda,9769,48842,14,6,8,14,45,0.2,data/raw/adult_openml.csv,median-impute numeric + ordinal categorical,Phase 5 scalability train-size row; seed-specific stratified train subset with train_size=10000; trained within TabPFN support range.
adult,10000,10000,45,adult_fixed_test_seed45_train10000,TabICL,accuracy,0.8693,0.8003,0.8127,0.4822,4.5184,5.0006,cuda,9769,48842,14,6,8,14,45,0.2,data/raw/adult_openml.csv,TabICL TransformToNumerical (ordinal categorical + default numeric imputation),Phase 5 scalability train-size row; seed-specific stratified train subset with train_size=10000; uses the official tabicl-classifier-v2-20260212.ckpt checkpoint.
adult,10000,10000,46,adult_fixed_test_seed46_train10000,LightGBM,accuracy,0.8677,0.7942,0.8088,0.2292,0.0922,0.3214,cpu,9769,48842,14,6,8,104,46,0.2,data/raw/adult_openml.csv,median-impute numeric + one-hot categorical,Phase 5 scalability train-size row with train_size=10000 and the fixed Phase 4 baseline settings.
adult,10000,10000,46,adult_fixed_test_seed46_train10000,XGBoost,accuracy,0.8705,0.7915,0.81,0.3565,0.0522,0.4086,cpu,9769,48842,14,6,8,104,46,0.2,data/raw/adult_openml.csv,median-impute numeric + one-hot categorical,Phase 5 scalability train-size row with train_size=10000 and the fixed Phase 4 baseline settings.
adult,10000,10000,46,adult_fixed_test_seed46_train10000,TabPFN v2,accuracy,0.8627,0.7751,0.7959,0.3636,12.0135,12.3771,cuda,9769,48842,14,6,8,14,46,0.2,data/raw/adult_openml.csv,median-impute numeric + ordinal categorical,Phase 5 scalability train-size row; seed-specific stratified train subset with train_size=10000; trained within TabPFN support range.
adult,10000,10000,46,adult_fixed_test_seed46_train10000,TabICL,accuracy,0.8672,0.7861,0.8048,0.6808,4.7608,5.4416,cuda,9769,48842,14,6,8,14,46,0.2,data/raw/adult_openml.csv,TabICL TransformToNumerical (ordinal categorical + default numeric imputation),Phase 5 scalability train-size row; seed-specific stratified train subset with train_size=10000; uses the official tabicl-classifier-v2-20260212.ckpt checkpoint.
adult,full,39073,42,adult_fixed_test_seed42_full_train,LightGBM,accuracy,0.8751,0.8004,0.8179,0.7655,0.0917,0.8572,cpu,9769,48842,14,6,8,105,42,0.2,data/raw/adult_openml.csv,median-impute numeric + one-hot categorical,Phase 5 scalability full-train row with the fixed Phase 4 baseline settings.
adult,full,39073,42,adult_fixed_test_seed42_full_train,XGBoost,accuracy,0.8743,0.7941,0.8145,1.156,0.0519,1.2079,cpu,9769,48842,14,6,8,105,42,0.2,data/raw/adult_openml.csv,median-impute numeric + one-hot categorical,Phase 5 scalability full-train row with the fixed Phase 4 baseline settings.
adult,full,39073,42,adult_fixed_test_seed42_full_train,TabPFN v2,accuracy,0.865,0.7812,0.8007,1.544,84.4905,86.0344,cuda,9769,48842,14,6,8,14,42,0.2,data/raw/adult_openml.csv,median-impute numeric + ordinal categorical,"Phase 5 scalability full-train row; used ignore_pretraining_limits=True because train size exceeds the official 10,000-sample support, so this is a constrained result."
adult,full,39073,42,adult_fixed_test_seed42_full_train,TabICL,accuracy,0.8729,0.7946,0.8135,0.7418,28.0968,28.8386,cuda,9769,48842,14,6,8,14,42,0.2,data/raw/adult_openml.csv,TabICL TransformToNumerical (ordinal categorical + default numeric imputation),Phase 5 scalability full-train row; uses TabICLClassifier with the official tabicl-classifier-v2-20260212.ckpt checkpoint.
adult,full,39073,43,adult_fixed_test_seed43_full_train,LightGBM,accuracy,0.8781,0.8079,0.8236,0.7816,0.0939,0.8754,cpu,9769,48842,14,6,8,105,43,0.2,data/raw/adult_openml.csv,median-impute numeric + one-hot categorical,Phase 5 scalability full-train row with the fixed Phase 4 baseline settings.
adult,full,39073,43,adult_fixed_test_seed43_full_train,XGBoost,accuracy,0.8781,0.8035,0.8218,1.4854,0.0528,1.5382,cpu,9769,48842,14,6,8,105,43,0.2,data/raw/adult_openml.csv,median-impute numeric + one-hot categorical,Phase 5 scalability full-train row with the fixed Phase 4 baseline settings.
adult,full,39073,43,adult_fixed_test_seed43_full_train,TabPFN v2,accuracy,0.8654,0.7846,0.8026,1.3099,78.3308,79.6406,cuda,9769,48842,14,6,8,14,43,0.2,data/raw/adult_openml.csv,median-impute numeric + ordinal categorical,"Phase 5 scalability full-train row; used ignore_pretraining_limits=True because train size exceeds the official 10,000-sample support, so this is a constrained result."
adult,full,39073,43,adult_fixed_test_seed43_full_train,TabICL,accuracy,0.8717,0.7891,0.81,0.6603,21.6529,22.3132,cuda,9769,48842,14,6,8,14,43,0.2,data/raw/adult_openml.csv,TabICL TransformToNumerical (ordinal categorical + default numeric imputation),Phase 5 scalability full-train row; uses TabICLClassifier with the official tabicl-classifier-v2-20260212.ckpt checkpoint.
adult,full,39073,44,adult_fixed_test_seed44_full_train,LightGBM,accuracy,0.8721,0.7968,0.8138,0.7712,0.0962,0.8675,cpu,9769,48842,14,6,8,104,44,0.2,data/raw/adult_openml.csv,median-impute numeric + one-hot categorical,Phase 5 scalability full-train row with the fixed Phase 4 baseline settings.
adult,full,39073,44,adult_fixed_test_seed44_full_train,XGBoost,accuracy,0.8695,0.7868,0.8071,1.1643,0.0524,1.2167,cpu,9769,48842,14,6,8,104,44,0.2,data/raw/adult_openml.csv,median-impute numeric + one-hot categorical,Phase 5 scalability full-train row with the fixed Phase 4 baseline settings.
adult,full,39073,44,adult_fixed_test_seed44_full_train,TabPFN v2,accuracy,0.8597,0.7682,0.79,1.3318,82.892,84.2237,cuda,9769,48842,14,6,8,14,44,0.2,data/raw/adult_openml.csv,median-impute numeric + ordinal categorical,"Phase 5 scalability full-train row; used ignore_pretraining_limits=True because train size exceeds the official 10,000-sample support, so this is a constrained result."
adult,full,39073,44,adult_fixed_test_seed44_full_train,TabICL,accuracy,0.872,0.7919,0.8115,0.6943,21.4957,22.19,cuda,9769,48842,14,6,8,14,44,0.2,data/raw/adult_openml.csv,TabICL TransformToNumerical (ordinal categorical + default numeric imputation),Phase 5 scalability full-train row; uses TabICLClassifier with the official tabicl-classifier-v2-20260212.ckpt checkpoint.
adult,full,39073,45,adult_fixed_test_seed45_full_train,LightGBM,accuracy,0.8773,0.8002,0.8197,0.7582,0.0955,0.8537,cpu,9769,48842,14,6,8,105,45,0.2,data/raw/adult_openml.csv,median-impute numeric + one-hot categorical,Phase 5 scalability full-train row with the fixed Phase 4 baseline settings.
adult,full,39073,45,adult_fixed_test_seed45_full_train,XGBoost,accuracy,0.8765,0.7966,0.8176,1.142,0.0503,1.1923,cpu,9769,48842,14,6,8,105,45,0.2,data/raw/adult_openml.csv,median-impute numeric + one-hot categorical,Phase 5 scalability full-train row with the fixed Phase 4 baseline settings.
adult,full,39073,45,adult_fixed_test_seed45_full_train,TabPFN v2,accuracy,0.8633,0.7784,0.798,1.307,82.8322,84.1392,cuda,9769,48842,14,6,8,14,45,0.2,data/raw/adult_openml.csv,median-impute numeric + ordinal categorical,"Phase 5 scalability full-train row; used ignore_pretraining_limits=True because train size exceeds the official 10,000-sample support, so this is a constrained result."
adult,full,39073,45,adult_fixed_test_seed45_full_train,TabICL,accuracy,0.8693,0.8113,0.8171,0.8808,21.4496,22.3303,cuda,9769,48842,14,6,8,14,45,0.2,data/raw/adult_openml.csv,TabICL TransformToNumerical (ordinal categorical + default numeric imputation),Phase 5 scalability full-train row; uses TabICLClassifier with the official tabicl-classifier-v2-20260212.ckpt checkpoint.
adult,full,39073,46,adult_fixed_test_seed46_full_train,LightGBM,accuracy,0.8734,0.8013,0.8167,0.749,0.0956,0.8445,cpu,9769,48842,14,6,8,105,46,0.2,data/raw/adult_openml.csv,median-impute numeric + one-hot categorical,Phase 5 scalability full-train row with the fixed Phase 4 baseline settings.
adult,full,39073,46,adult_fixed_test_seed46_full_train,XGBoost,accuracy,0.8729,0.7957,0.8139,1.1442,0.0524,1.1966,cpu,9769,48842,14,6,8,105,46,0.2,data/raw/adult_openml.csv,median-impute numeric + one-hot categorical,Phase 5 scalability full-train row with the fixed Phase 4 baseline settings.
adult,full,39073,46,adult_fixed_test_seed46_full_train,TabPFN v2,accuracy,0.8633,0.7766,0.7972,1.2608,82.9162,84.177,cuda,9769,48842,14,6,8,14,46,0.2,data/raw/adult_openml.csv,median-impute numeric + ordinal categorical,"Phase 5 scalability full-train row; used ignore_pretraining_limits=True because train size exceeds the official 10,000-sample support, so this is a constrained result."
adult,full,39073,46,adult_fixed_test_seed46_full_train,TabICL,accuracy,0.8677,0.8084,0.8146,0.946,37.7204,38.6664,cuda,9769,48842,14,6,8,14,46,0.2,data/raw/adult_openml.csv,TabICL TransformToNumerical (ordinal categorical + default numeric imputation),Phase 5 scalability full-train row; uses TabICLClassifier with the official tabicl-classifier-v2-20260212.ckpt checkpoint.
bank_marketing,512,512,42,bank_marketing_fixed_test_seed42_train512,LightGBM,accuracy,0.8859,0.6099,0.638,0.0609,0.1263,0.1872,cpu,9043,45211,16,7,9,51,42,0.2,data/raw/bank_marketing_openml.csv,median-impute numeric + one-hot categorical,Phase 5 scalability train-size row with train_size=512 and the fixed Phase 4 baseline settings.
bank_marketing,512,512,42,bank_marketing_fixed_test_seed42_train512,XGBoost,accuracy,0.8854,0.6108,0.6387,0.0987,0.0644,0.1631,cpu,9043,45211,16,7,9,51,42,0.2,data/raw/bank_marketing_openml.csv,median-impute numeric + one-hot categorical,Phase 5 scalability train-size row with train_size=512 and the fixed Phase 4 baseline settings.
bank_marketing,512,512,42,bank_marketing_fixed_test_seed42_train512,TabPFN v2,accuracy,0.894,0.6034,0.6366,0.1214,2.6649,2.7863,cuda,9043,45211,16,7,9,16,42,0.2,data/raw/bank_marketing_openml.csv,median-impute numeric + ordinal categorical,Phase 5 scalability train-size row; seed-specific stratified train subset with train_size=512; trained within TabPFN support range.
bank_marketing,512,512,42,bank_marketing_fixed_test_seed42_train512,TabICL,accuracy,0.8941,0.6104,0.6444,0.7176,8.0646,8.7821,cuda,9043,45211,16,7,9,16,42,0.2,data/raw/bank_marketing_openml.csv,TabICL TransformToNumerical (ordinal categorical + default numeric imputation),Phase 5 scalability train-size row; seed-specific stratified train subset with train_size=512; uses the official tabicl-classifier-v2-20260212.ckpt checkpoint.
bank_marketing,512,512,43,bank_marketing_fixed_test_seed43_train512,LightGBM,accuracy,0.8861,0.6342,0.6613,0.0462,0.1118,0.158,cpu,9043,45211,16,7,9,51,43,0.2,data/raw/bank_marketing_openml.csv,median-impute numeric + one-hot categorical,Phase 5 scalability train-size row with train_size=512 and the fixed Phase 4 baseline settings.
bank_marketing,512,512,43,bank_marketing_fixed_test_seed43_train512,XGBoost,accuracy,0.8938,0.6648,0.6938,0.0627,0.0418,0.1045,cpu,9043,45211,16,7,9,51,43,0.2,data/raw/bank_marketing_openml.csv,median-impute numeric + one-hot categorical,Phase 5 scalability train-size row with train_size=512 and the fixed Phase 4 baseline settings.
bank_marketing,512,512,43,bank_marketing_fixed_test_seed43_train512,TabPFN v2,accuracy,0.8913,0.6076,0.6394,0.089,2.5038,2.5928,cuda,9043,45211,16,7,9,16,43,0.2,data/raw/bank_marketing_openml.csv,median-impute numeric + ordinal categorical,Phase 5 scalability train-size row; seed-specific stratified train subset with train_size=512; trained within TabPFN support range.
bank_marketing,512,512,43,bank_marketing_fixed_test_seed43_train512,TabICL,accuracy,0.9,0.6486,0.6869,0.3736,14.7811,15.1547,cuda,9043,45211,16,7,9,16,43,0.2,data/raw/bank_marketing_openml.csv,TabICL TransformToNumerical (ordinal categorical + default numeric imputation),Phase 5 scalability train-size row; seed-specific stratified train subset with train_size=512; uses the official tabicl-classifier-v2-20260212.ckpt checkpoint.
bank_marketing,512,512,44,bank_marketing_fixed_test_seed44_train512,LightGBM,accuracy,0.8897,0.6514,0.6792,0.0461,0.1045,0.1506,cpu,9043,45211,16,7,9,51,44,0.2,data/raw/bank_marketing_openml.csv,median-impute numeric + one-hot categorical,Phase 5 scalability train-size row with train_size=512 and the fixed Phase 4 baseline settings.
bank_marketing,512,512,44,bank_marketing_fixed_test_seed44_train512,XGBoost,accuracy,0.8935,0.663,0.6921,0.0639,0.0419,0.1058,cpu,9043,45211,16,7,9,51,44,0.2,data/raw/bank_marketing_openml.csv,median-impute numeric + one-hot categorical,Phase 5 scalability train-size row with train_size=512 and the fixed Phase 4 baseline settings.
bank_marketing,512,512,44,bank_marketing_fixed_test_seed44_train512,TabPFN v2,accuracy,0.8995,0.652,0.6892,0.0876,3.2035,3.2911,cuda,9043,45211,16,7,9,16,44,0.2,data/raw/bank_marketing_openml.csv,median-impute numeric + ordinal categorical,Phase 5 scalability train-size row; seed-specific stratified train subset with train_size=512; trained within TabPFN support range.
bank_marketing,512,512,44,bank_marketing_fixed_test_seed44_train512,TabICL,accuracy,0.9043,0.6753,0.7133,0.3718,3.3171,3.6889,cuda,9043,45211,16,7,9,16,44,0.2,data/raw/bank_marketing_openml.csv,TabICL TransformToNumerical (ordinal categorical + default numeric imputation),Phase 5 scalability train-size row; seed-specific stratified train subset with train_size=512; uses the official tabicl-classifier-v2-20260212.ckpt checkpoint.
bank_marketing,512,512,45,bank_marketing_fixed_test_seed45_train512,LightGBM,accuracy,0.8883,0.6223,0.6522,0.0699,0.1312,0.2011,cpu,9043,45211,16,7,9,51,45,0.2,data/raw/bank_marketing_openml.csv,median-impute numeric + one-hot categorical,Phase 5 scalability train-size row with train_size=512 and the fixed Phase 4 baseline settings.
bank_marketing,512,512,45,bank_marketing_fixed_test_seed45_train512,XGBoost,accuracy,0.8873,0.6123,0.6415,0.0853,0.0546,0.1399,cpu,9043,45211,16,7,9,51,45,0.2,data/raw/bank_marketing_openml.csv,median-impute numeric + one-hot categorical,Phase 5 scalability train-size row with train_size=512 and the fixed Phase 4 baseline settings.
bank_marketing,512,512,45,bank_marketing_fixed_test_seed45_train512,TabPFN v2,accuracy,0.8912,0.6063,0.6379,0.1103,2.736,2.8463,cuda,9043,45211,16,7,9,16,45,0.2,data/raw/bank_marketing_openml.csv,median-impute numeric + ordinal categorical,Phase 5 scalability train-size row; seed-specific stratified train subset with train_size=512; trained within TabPFN support range.
bank_marketing,512,512,45,bank_marketing_fixed_test_seed45_train512,TabICL,accuracy,0.8938,0.6275,0.6617,0.4556,2.7902,3.2459,cuda,9043,45211,16,7,9,16,45,0.2,data/raw/bank_marketing_openml.csv,TabICL TransformToNumerical (ordinal categorical + default numeric imputation),Phase 5 scalability train-size row; seed-specific stratified train subset with train_size=512; uses the official tabicl-classifier-v2-20260212.ckpt checkpoint.
bank_marketing,512,512,46,bank_marketing_fixed_test_seed46_train512,LightGBM,accuracy,0.8901,0.65,0.6783,0.0731,0.1551,0.2282,cpu,9043,45211,16,7,9,51,46,0.2,data/raw/bank_marketing_openml.csv,median-impute numeric + one-hot categorical,Phase 5 scalability train-size row with train_size=512 and the fixed Phase 4 baseline settings.
bank_marketing,512,512,46,bank_marketing_fixed_test_seed46_train512,XGBoost,accuracy,0.8928,0.6515,0.6822,0.1248,0.0728,0.1977,cpu,9043,45211,16,7,9,51,46,0.2,data/raw/bank_marketing_openml.csv,median-impute numeric + one-hot categorical,Phase 5 scalability train-size row with train_size=512 and the fixed Phase 4 baseline settings.
bank_marketing,512,512,46,bank_marketing_fixed_test_seed46_train512,TabPFN v2,accuracy,0.8991,0.6539,0.6905,0.1489,2.6443,2.7932,cuda,9043,45211,16,7,9,16,46,0.2,data/raw/bank_marketing_openml.csv,median-impute numeric + ordinal categorical,Phase 5 scalability train-size row; seed-specific stratified train subset with train_size=512; trained within TabPFN support range.
bank_marketing,512,512,46,bank_marketing_fixed_test_seed46_train512,TabICL,accuracy,0.8991,0.6674,0.7014,0.3924,2.7725,3.165,cuda,9043,45211,16,7,9,16,46,0.2,data/raw/bank_marketing_openml.csv,TabICL TransformToNumerical (ordinal categorical + default numeric imputation),Phase 5 scalability train-size row; seed-specific stratified train subset with train_size=512; uses the official tabicl-classifier-v2-20260212.ckpt checkpoint.
bank_marketing,2048,2048,42,bank_marketing_fixed_test_seed42_train2048,LightGBM,accuracy,0.8976,0.66,0.6939,0.1047,0.113,0.2177,cpu,9043,45211,16,7,9,51,42,0.2,data/raw/bank_marketing_openml.csv,median-impute numeric + one-hot categorical,Phase 5 scalability train-size row with train_size=2048 and the fixed Phase 4 baseline settings.
bank_marketing,2048,2048,42,bank_marketing_fixed_test_seed42_train2048,XGBoost,accuracy,0.8957,0.6519,0.6854,0.1105,0.0483,0.1587,cpu,9043,45211,16,7,9,51,42,0.2,data/raw/bank_marketing_openml.csv,median-impute numeric + one-hot categorical,Phase 5 scalability train-size row with train_size=2048 and the fixed Phase 4 baseline settings.
bank_marketing,2048,2048,42,bank_marketing_fixed_test_seed42_train2048,TabPFN v2,accuracy,0.9038,0.6745,0.7121,0.1514,3.7485,3.8999,cuda,9043,45211,16,7,9,16,42,0.2,data/raw/bank_marketing_openml.csv,median-impute numeric + ordinal categorical,Phase 5 scalability train-size row; seed-specific stratified train subset with train_size=2048; trained within TabPFN support range.
bank_marketing,2048,2048,42,bank_marketing_fixed_test_seed42_train2048,TabICL,accuracy,0.9039,0.6725,0.7107,0.4115,1.9627,2.3743,cuda,9043,45211,16,7,9,16,42,0.2,data/raw/bank_marketing_openml.csv,TabICL TransformToNumerical (ordinal categorical + default numeric imputation),Phase 5 scalability train-size row; seed-specific stratified train subset with train_size=2048; uses the official tabicl-classifier-v2-20260212.ckpt checkpoint.
bank_marketing,2048,2048,43,bank_marketing_fixed_test_seed43_train2048,LightGBM,accuracy,0.8962,0.6657,0.6969,0.0948,0.107,0.2018,cpu,9043,45211,16,7,9,51,43,0.2,data/raw/bank_marketing_openml.csv,median-impute numeric + one-hot categorical,Phase 5 scalability train-size row with train_size=2048 and the fixed Phase 4 baseline settings.
bank_marketing,2048,2048,43,bank_marketing_fixed_test_seed43_train2048,XGBoost,accuracy,0.8952,0.666,0.6961,0.1099,0.0471,0.1569,cpu,9043,45211,16,7,9,51,43,0.2,data/raw/bank_marketing_openml.csv,median-impute numeric + one-hot categorical,Phase 5 scalability train-size row with train_size=2048 and the fixed Phase 4 baseline settings.
bank_marketing,2048,2048,43,bank_marketing_fixed_test_seed43_train2048,TabPFN v2,accuracy,0.9028,0.6961,0.7263,0.1729,3.8094,3.9823,cuda,9043,45211,16,7,9,16,43,0.2,data/raw/bank_marketing_openml.csv,median-impute numeric + ordinal categorical,Phase 5 scalability train-size row; seed-specific stratified train subset with train_size=2048; trained within TabPFN support range.
bank_marketing,2048,2048,43,bank_marketing_fixed_test_seed43_train2048,TabICL,accuracy,0.9066,0.7027,0.7353,0.3928,1.8882,2.2811,cuda,9043,45211,16,7,9,16,43,0.2,data/raw/bank_marketing_openml.csv,TabICL TransformToNumerical (ordinal categorical + default numeric imputation),Phase 5 scalability train-size row; seed-specific stratified train subset with train_size=2048; uses the official tabicl-classifier-v2-20260212.ckpt checkpoint.
bank_marketing,2048,2048,44,bank_marketing_fixed_test_seed44_train2048,LightGBM,accuracy,0.8959,0.6865,0.7119,0.0998,0.1137,0.2135,cpu,9043,45211,16,7,9,51,44,0.2,data/raw/bank_marketing_openml.csv,median-impute numeric + one-hot categorical,Phase 5 scalability train-size row with train_size=2048 and the fixed Phase 4 baseline settings.
bank_marketing,2048,2048,44,bank_marketing_fixed_test_seed44_train2048,XGBoost,accuracy,0.9004,0.696,0.7233,0.1114,0.0495,0.1609,cpu,9043,45211,16,7,9,51,44,0.2,data/raw/bank_marketing_openml.csv,median-impute numeric + one-hot categorical,Phase 5 scalability train-size row with train_size=2048 and the fixed Phase 4 baseline settings.
bank_marketing,2048,2048,44,bank_marketing_fixed_test_seed44_train2048,TabPFN v2,accuracy,0.9103,0.7155,0.7482,0.1473,3.5597,3.707,cuda,9043,45211,16,7,9,16,44,0.2,data/raw/bank_marketing_openml.csv,median-impute numeric + ordinal categorical,Phase 5 scalability train-size row; seed-specific stratified train subset with train_size=2048; trained within TabPFN support range.
bank_marketing,2048,2048,44,bank_marketing_fixed_test_seed44_train2048,TabICL,accuracy,0.9063,0.7112,0.7404,0.3843,1.819,2.2034,cuda,9043,45211,16,7,9,16,44,0.2,data/raw/bank_marketing_openml.csv,TabICL TransformToNumerical (ordinal categorical + default numeric imputation),Phase 5 scalability train-size row; seed-specific stratified train subset with train_size=2048; uses the official tabicl-classifier-v2-20260212.ckpt checkpoint.
bank_marketing,2048,2048,45,bank_marketing_fixed_test_seed45_train2048,LightGBM,accuracy,0.8889,0.6439,0.6722,0.0976,0.1068,0.2044,cpu,9043,45211,16,7,9,51,45,0.2,data/raw/bank_marketing_openml.csv,median-impute numeric + one-hot categorical,Phase 5 scalability train-size row with train_size=2048 and the fixed Phase 4 baseline settings.
bank_marketing,2048,2048,45,bank_marketing_fixed_test_seed45_train2048,XGBoost,accuracy,0.8955,0.6612,0.6927,0.1154,0.0444,0.1597,cpu,9043,45211,16,7,9,51,45,0.2,data/raw/bank_marketing_openml.csv,median-impute numeric + one-hot categorical,Phase 5 scalability train-size row with train_size=2048 and the fixed Phase 4 baseline settings.
bank_marketing,2048,2048,45,bank_marketing_fixed_test_seed45_train2048,TabPFN v2,accuracy,0.9011,0.6718,0.707,0.1339,3.4375,3.5714,cuda,9043,45211,16,7,9,16,45,0.2,data/raw/bank_marketing_openml.csv,median-impute numeric + ordinal categorical,Phase 5 scalability train-size row; seed-specific stratified train subset with train_size=2048; trained within TabPFN support range.
bank_marketing,2048,2048,45,bank_marketing_fixed_test_seed45_train2048,TabICL,accuracy,0.8994,0.6733,0.7061,0.4299,1.9353,2.3652,cuda,9043,45211,16,7,9,16,45,0.2,data/raw/bank_marketing_openml.csv,TabICL TransformToNumerical (ordinal categorical + default numeric imputation),Phase 5 scalability train-size row; seed-specific stratified train subset with train_size=2048; uses the official tabicl-classifier-v2-20260212.ckpt checkpoint.
bank_marketing,2048,2048,46,bank_marketing_fixed_test_seed46_train2048,LightGBM,accuracy,0.898,0.6778,0.7081,0.0996,0.1116,0.2111,cpu,9043,45211,16,7,9,51,46,0.2,data/raw/bank_marketing_openml.csv,median-impute numeric + one-hot categorical,Phase 5 scalability train-size row with train_size=2048 and the fixed Phase 4 baseline settings.
bank_marketing,2048,2048,46,bank_marketing_fixed_test_seed46_train2048,XGBoost,accuracy,0.8959,0.675,0.7037,0.1287,0.063,0.1917,cpu,9043,45211,16,7,9,51,46,0.2,data/raw/bank_marketing_openml.csv,median-impute numeric + one-hot categorical,Phase 5 scalability train-size row with train_size=2048 and the fixed Phase 4 baseline settings.
bank_marketing,2048,2048,46,bank_marketing_fixed_test_seed46_train2048,TabPFN v2,accuracy,0.9034,0.6948,0.726,0.1799,3.8261,4.006,cuda,9043,45211,16,7,9,16,46,0.2,data/raw/bank_marketing_openml.csv,median-impute numeric + ordinal categorical,Phase 5 scalability train-size row; seed-specific stratified train subset with train_size=2048; trained within TabPFN support range.
bank_marketing,2048,2048,46,bank_marketing_fixed_test_seed46_train2048,TabICL,accuracy,0.9018,0.6841,0.7168,0.4289,1.9224,2.3513,cuda,9043,45211,16,7,9,16,46,0.2,data/raw/bank_marketing_openml.csv,TabICL TransformToNumerical (ordinal categorical + default numeric imputation),Phase 5 scalability train-size row; seed-specific stratified train subset with train_size=2048; uses the official tabicl-classifier-v2-20260212.ckpt checkpoint.
bank_marketing,8192,8192,42,bank_marketing_fixed_test_seed42_train8192,LightGBM,accuracy,0.905,0.7179,0.7427,0.2106,0.0831,0.2938,cpu,9043,45211,16,7,9,51,42,0.2,data/raw/bank_marketing_openml.csv,median-impute numeric + one-hot categorical,Phase 5 scalability train-size row with train_size=8192 and the fixed Phase 4 baseline settings.
bank_marketing,8192,8192,42,bank_marketing_fixed_test_seed42_train8192,XGBoost,accuracy,0.905,0.7076,0.7364,0.2405,0.0456,0.2861,cpu,9043,45211,16,7,9,51,42,0.2,data/raw/bank_marketing_openml.csv,median-impute numeric + one-hot categorical,Phase 5 scalability train-size row with train_size=8192 and the fixed Phase 4 baseline settings.
bank_marketing,8192,8192,42,bank_marketing_fixed_test_seed42_train8192,TabPFN v2,accuracy,0.909,0.723,0.7509,0.3319,9.3943,9.7262,cuda,9043,45211,16,7,9,16,42,0.2,data/raw/bank_marketing_openml.csv,median-impute numeric + ordinal categorical,Phase 5 scalability train-size row; seed-specific stratified train subset with train_size=8192; trained within TabPFN support range.
bank_marketing,8192,8192,42,bank_marketing_fixed_test_seed42_train8192,TabICL,accuracy,0.9094,0.7355,0.7586,0.4074,3.6059,4.0133,cuda,9043,45211,16,7,9,16,42,0.2,data/raw/bank_marketing_openml.csv,TabICL TransformToNumerical (ordinal categorical + default numeric imputation),Phase 5 scalability train-size row; seed-specific stratified train subset with train_size=8192; uses the official tabicl-classifier-v2-20260212.ckpt checkpoint.
bank_marketing,8192,8192,43,bank_marketing_fixed_test_seed43_train8192,LightGBM,accuracy,0.902,0.7026,0.7296,0.2164,0.0821,0.2985,cpu,9043,45211,16,7,9,51,43,0.2,data/raw/bank_marketing_openml.csv,median-impute numeric + one-hot categorical,Phase 5 scalability train-size row with train_size=8192 and the fixed Phase 4 baseline settings.
bank_marketing,8192,8192,43,bank_marketing_fixed_test_seed43_train8192,XGBoost,accuracy,0.9028,0.6986,0.7279,0.2463,0.0431,0.2894,cpu,9043,45211,16,7,9,51,43,0.2,data/raw/bank_marketing_openml.csv,median-impute numeric + one-hot categorical,Phase 5 scalability train-size row with train_size=8192 and the fixed Phase 4 baseline settings.
bank_marketing,8192,8192,43,bank_marketing_fixed_test_seed43_train8192,TabPFN v2,accuracy,0.9102,0.722,0.752,0.2947,9.2747,9.5694,cuda,9043,45211,16,7,9,16,43,0.2,data/raw/bank_marketing_openml.csv,median-impute numeric + ordinal categorical,Phase 5 scalability train-size row; seed-specific stratified train subset with train_size=8192; trained within TabPFN support range.
bank_marketing,8192,8192,43,bank_marketing_fixed_test_seed43_train8192,TabICL,accuracy,0.9079,0.724,0.75,0.4225,3.6062,4.0287,cuda,9043,45211,16,7,9,16,43,0.2,data/raw/bank_marketing_openml.csv,TabICL TransformToNumerical (ordinal categorical + default numeric imputation),Phase 5 scalability train-size row; seed-specific stratified train subset with train_size=8192; uses the official tabicl-classifier-v2-20260212.ckpt checkpoint.
bank_marketing,8192,8192,44,bank_marketing_fixed_test_seed44_train8192,LightGBM,accuracy,0.9038,0.6967,0.7279,0.2082,0.0884,0.2966,cpu,9043,45211,16,7,9,51,44,0.2,data/raw/bank_marketing_openml.csv,median-impute numeric + one-hot categorical,Phase 5 scalability train-size row with train_size=8192 and the fixed Phase 4 baseline settings.
bank_marketing,8192,8192,44,bank_marketing_fixed_test_seed44_train8192,XGBoost,accuracy,0.9062,0.6935,0.7287,0.242,0.0443,0.2863,cpu,9043,45211,16,7,9,51,44,0.2,data/raw/bank_marketing_openml.csv,median-impute numeric + one-hot categorical,Phase 5 scalability train-size row with train_size=8192 and the fixed Phase 4 baseline settings.
bank_marketing,8192,8192,44,bank_marketing_fixed_test_seed44_train8192,TabPFN v2,accuracy,0.9104,0.7062,0.7425,0.299,9.3466,9.6456,cuda,9043,45211,16,7,9,16,44,0.2,data/raw/bank_marketing_openml.csv,median-impute numeric + ordinal categorical,Phase 5 scalability train-size row; seed-specific stratified train subset with train_size=8192; trained within TabPFN support range.
bank_marketing,8192,8192,44,bank_marketing_fixed_test_seed44_train8192,TabICL,accuracy,0.9114,0.7358,0.7615,0.4283,3.6489,4.0772,cuda,9043,45211,16,7,9,16,44,0.2,data/raw/bank_marketing_openml.csv,TabICL TransformToNumerical (ordinal categorical + default numeric imputation),Phase 5 scalability train-size row; seed-specific stratified train subset with train_size=8192; uses the official tabicl-classifier-v2-20260212.ckpt checkpoint.
bank_marketing,8192,8192,45,bank_marketing_fixed_test_seed45_train8192,LightGBM,accuracy,0.8998,0.7014,0.7262,0.234,0.0911,0.3251,cpu,9043,45211,16,7,9,51,45,0.2,data/raw/bank_marketing_openml.csv,median-impute numeric + one-hot categorical,Phase 5 scalability train-size row with train_size=8192 and the fixed Phase 4 baseline settings.
bank_marketing,8192,8192,45,bank_marketing_fixed_test_seed45_train8192,XGBoost,accuracy,0.8982,0.6955,0.7204,0.3114,0.0902,0.4016,cpu,9043,45211,16,7,9,51,45,0.2,data/raw/bank_marketing_openml.csv,median-impute numeric + one-hot categorical,Phase 5 scalability train-size row with train_size=8192 and the fixed Phase 4 baseline settings.
bank_marketing,8192,8192,45,bank_marketing_fixed_test_seed45_train8192,TabPFN v2,accuracy,0.9099,0.7296,0.7559,0.347,9.3872,9.7342,cuda,9043,45211,16,7,9,16,45,0.2,data/raw/bank_marketing_openml.csv,median-impute numeric + ordinal categorical,Phase 5 scalability train-size row; seed-specific stratified train subset with train_size=8192; trained within TabPFN support range.
bank_marketing,8192,8192,45,bank_marketing_fixed_test_seed45_train8192,TabICL,accuracy,0.9045,0.7229,0.745,0.4301,3.7577,4.1879,cuda,9043,45211,16,7,9,16,45,0.2,data/raw/bank_marketing_openml.csv,TabICL TransformToNumerical (ordinal categorical + default numeric imputation),Phase 5 scalability train-size row; seed-specific stratified train subset with train_size=8192; uses the official tabicl-classifier-v2-20260212.ckpt checkpoint.
bank_marketing,8192,8192,46,bank_marketing_fixed_test_seed46_train8192,LightGBM,accuracy,0.9019,0.6931,0.7232,0.2158,0.0905,0.3064,cpu,9043,45211,16,7,9,51,46,0.2,data/raw/bank_marketing_openml.csv,median-impute numeric + one-hot categorical,Phase 5 scalability train-size row with train_size=8192 and the fixed Phase 4 baseline settings.
bank_marketing,8192,8192,46,bank_marketing_fixed_test_seed46_train8192,XGBoost,accuracy,0.903,0.6864,0.7199,0.244,0.0477,0.2916,cpu,9043,45211,16,7,9,51,46,0.2,data/raw/bank_marketing_openml.csv,median-impute numeric + one-hot categorical,Phase 5 scalability train-size row with train_size=8192 and the fixed Phase 4 baseline settings.
bank_marketing,8192,8192,46,bank_marketing_fixed_test_seed46_train8192,TabPFN v2,accuracy,0.9083,0.7091,0.7416,0.3046,9.4841,9.7887,cuda,9043,45211,16,7,9,16,46,0.2,data/raw/bank_marketing_openml.csv,median-impute numeric + ordinal categorical,Phase 5 scalability train-size row; seed-specific stratified train subset with train_size=8192; trained within TabPFN support range.
bank_marketing,8192,8192,46,bank_marketing_fixed_test_seed46_train8192,TabICL,accuracy,0.9085,0.7268,0.7526,0.4442,3.6075,4.0517,cuda,9043,45211,16,7,9,16,46,0.2,data/raw/bank_marketing_openml.csv,TabICL TransformToNumerical (ordinal categorical + default numeric imputation),Phase 5 scalability train-size row; seed-specific stratified train subset with train_size=8192; uses the official tabicl-classifier-v2-20260212.ckpt checkpoint.
bank_marketing,10000,10000,42,bank_marketing_fixed_test_seed42_train10000,LightGBM,accuracy,0.9043,0.7048,0.7338,0.2183,0.0815,0.2999,cpu,9043,45211,16,7,9,51,42,0.2,data/raw/bank_marketing_openml.csv,median-impute numeric + one-hot categorical,Phase 5 scalability train-size row with train_size=10000 and the fixed Phase 4 baseline settings.
bank_marketing,10000,10000,42,bank_marketing_fixed_test_seed42_train10000,XGBoost,accuracy,0.9047,0.6964,0.7287,0.2892,0.0473,0.3365,cpu,9043,45211,16,7,9,51,42,0.2,data/raw/bank_marketing_openml.csv,median-impute numeric + one-hot categorical,Phase 5 scalability train-size row with train_size=10000 and the fixed Phase 4 baseline settings.
bank_marketing,10000,10000,42,bank_marketing_fixed_test_seed42_train10000,TabPFN v2,accuracy,0.9114,0.7268,0.7564,0.3575,11.8196,12.177,cuda,9043,45211,16,7,9,16,42,0.2,data/raw/bank_marketing_openml.csv,median-impute numeric + ordinal categorical,Phase 5 scalability train-size row; seed-specific stratified train subset with train_size=10000; trained within TabPFN support range.
bank_marketing,10000,10000,42,bank_marketing_fixed_test_seed42_train10000,TabICL,accuracy,0.9106,0.7522,0.769,0.4461,4.2322,4.6784,cuda,9043,45211,16,7,9,16,42,0.2,data/raw/bank_marketing_openml.csv,TabICL TransformToNumerical (ordinal categorical + default numeric imputation),Phase 5 scalability train-size row; seed-specific stratified train subset with train_size=10000; uses the official tabicl-classifier-v2-20260212.ckpt checkpoint.
bank_marketing,10000,10000,43,bank_marketing_fixed_test_seed43_train10000,LightGBM,accuracy,0.9053,0.7086,0.7375,0.2863,0.0992,0.3854,cpu,9043,45211,16,7,9,51,43,0.2,data/raw/bank_marketing_openml.csv,median-impute numeric + one-hot categorical,Phase 5 scalability train-size row with train_size=10000 and the fixed Phase 4 baseline settings.
bank_marketing,10000,10000,43,bank_marketing_fixed_test_seed43_train10000,XGBoost,accuracy,0.9036,0.7035,0.7321,0.359,0.0564,0.4154,cpu,9043,45211,16,7,9,51,43,0.2,data/raw/bank_marketing_openml.csv,median-impute numeric + one-hot categorical,Phase 5 scalability train-size row with train_size=10000 and the fixed Phase 4 baseline settings.
bank_marketing,10000,10000,43,bank_marketing_fixed_test_seed43_train10000,TabPFN v2,accuracy,0.9097,0.7246,0.7527,0.4865,12.0821,12.5686,cuda,9043,45211,16,7,9,16,43,0.2,data/raw/bank_marketing_openml.csv,median-impute numeric + ordinal categorical,Phase 5 scalability train-size row; seed-specific stratified train subset with train_size=10000; trained within TabPFN support range.
bank_marketing,10000,10000,43,bank_marketing_fixed_test_seed43_train10000,TabICL,accuracy,0.9093,0.7322,0.7566,0.4947,7.0307,7.5254,cuda,9043,45211,16,7,9,16,43,0.2,data/raw/bank_marketing_openml.csv,TabICL TransformToNumerical (ordinal categorical + default numeric imputation),Phase 5 scalability train-size row; seed-specific stratified train subset with train_size=10000; uses the official tabicl-classifier-v2-20260212.ckpt checkpoint.
bank_marketing,10000,10000,44,bank_marketing_fixed_test_seed44_train10000,LightGBM,accuracy,0.9063,0.7067,0.7376,0.2194,0.0889,0.3083,cpu,9043,45211,16,7,9,51,44,0.2,data/raw/bank_marketing_openml.csv,median-impute numeric + one-hot categorical,Phase 5 scalability train-size row with train_size=10000 and the fixed Phase 4 baseline settings.
bank_marketing,10000,10000,44,bank_marketing_fixed_test_seed44_train10000,XGBoost,accuracy,0.9061,0.7,0.7329,0.2901,0.0482,0.3384,cpu,9043,45211,16,7,9,51,44,0.2,data/raw/bank_marketing_openml.csv,median-impute numeric + one-hot categorical,Phase 5 scalability train-size row with train_size=10000 and the fixed Phase 4 baseline settings.
bank_marketing,10000,10000,44,bank_marketing_fixed_test_seed44_train10000,TabPFN v2,accuracy,0.9079,0.7027,0.7369,0.3965,12.1885,12.585,cuda,9043,45211,16,7,9,16,44,0.2,data/raw/bank_marketing_openml.csv,median-impute numeric + ordinal categorical,Phase 5 scalability train-size row; seed-specific stratified train subset with train_size=10000; trained within TabPFN support range.
bank_marketing,10000,10000,44,bank_marketing_fixed_test_seed44_train10000,TabICL,accuracy,0.9116,0.7405,0.7643,0.4922,4.3564,4.8486,cuda,9043,45211,16,7,9,16,44,0.2,data/raw/bank_marketing_openml.csv,TabICL TransformToNumerical (ordinal categorical + default numeric imputation),Phase 5 scalability train-size row; seed-specific stratified train subset with train_size=10000; uses the official tabicl-classifier-v2-20260212.ckpt checkpoint.
bank_marketing,10000,10000,45,bank_marketing_fixed_test_seed45_train10000,LightGBM,accuracy,0.9036,0.7158,0.7397,0.2227,0.0814,0.3041,cpu,9043,45211,16,7,9,51,45,0.2,data/raw/bank_marketing_openml.csv,median-impute numeric + one-hot categorical,Phase 5 scalability train-size row with train_size=10000 and the fixed Phase 4 baseline settings.
bank_marketing,10000,10000,45,bank_marketing_fixed_test_seed45_train10000,XGBoost,accuracy,0.9038,0.7106,0.7368,0.2832,0.045,0.3283,cpu,9043,45211,16,7,9,51,45,0.2,data/raw/bank_marketing_openml.csv,median-impute numeric + one-hot categorical,Phase 5 scalability train-size row with train_size=10000 and the fixed Phase 4 baseline settings.
bank_marketing,10000,10000,45,bank_marketing_fixed_test_seed45_train10000,TabPFN v2,accuracy,0.9088,0.7286,0.7539,0.3834,11.8562,12.2396,cuda,9043,45211,16,7,9,16,45,0.2,data/raw/bank_marketing_openml.csv,median-impute numeric + ordinal categorical,Phase 5 scalability train-size row; seed-specific stratified train subset with train_size=10000; trained within TabPFN support range.
bank_marketing,10000,10000,45,bank_marketing_fixed_test_seed45_train10000,TabICL,accuracy,0.9062,0.7399,0.7567,0.4668,4.2979,4.7647,cuda,9043,45211,16,7,9,16,45,0.2,data/raw/bank_marketing_openml.csv,TabICL TransformToNumerical (ordinal categorical + default numeric imputation),Phase 5 scalability train-size row; seed-specific stratified train subset with train_size=10000; uses the official tabicl-classifier-v2-20260212.ckpt checkpoint.
bank_marketing,10000,10000,46,bank_marketing_fixed_test_seed46_train10000,LightGBM,accuracy,0.9026,0.7103,0.7351,0.2318,0.1025,0.3343,cpu,9043,45211,16,7,9,51,46,0.2,data/raw/bank_marketing_openml.csv,median-impute numeric + one-hot categorical,Phase 5 scalability train-size row with train_size=10000 and the fixed Phase 4 baseline settings.
bank_marketing,10000,10000,46,bank_marketing_fixed_test_seed46_train10000,XGBoost,accuracy,0.9017,0.6992,0.727,0.4013,0.0663,0.4676,cpu,9043,45211,16,7,9,51,46,0.2,data/raw/bank_marketing_openml.csv,median-impute numeric + one-hot categorical,Phase 5 scalability train-size row with train_size=10000 and the fixed Phase 4 baseline settings.
bank_marketing,10000,10000,46,bank_marketing_fixed_test_seed46_train10000,TabPFN v2,accuracy,0.9089,0.725,0.7519,0.5237,12.0045,12.5282,cuda,9043,45211,16,7,9,16,46,0.2,data/raw/bank_marketing_openml.csv,median-impute numeric + ordinal categorical,Phase 5 scalability train-size row; seed-specific stratified train subset with train_size=10000; trained within TabPFN support range.
bank_marketing,10000,10000,46,bank_marketing_fixed_test_seed46_train10000,TabICL,accuracy,0.9088,0.7335,0.7566,0.4541,4.2693,4.7234,cuda,9043,45211,16,7,9,16,46,0.2,data/raw/bank_marketing_openml.csv,TabICL TransformToNumerical (ordinal categorical + default numeric imputation),Phase 5 scalability train-size row; seed-specific stratified train subset with train_size=10000; uses the official tabicl-classifier-v2-20260212.ckpt checkpoint.
bank_marketing,full,36168,42,bank_marketing_fixed_test_seed42_full_train,LightGBM,accuracy,0.91,0.7272,0.7547,0.6274,0.0804,0.7078,cpu,9043,45211,16,7,9,51,42,0.2,data/raw/bank_marketing_openml.csv,median-impute numeric + one-hot categorical,Phase 5 scalability full-train row with the fixed Phase 4 baseline settings.
bank_marketing,full,36168,42,bank_marketing_fixed_test_seed42_full_train,XGBoost,accuracy,0.9088,0.7151,0.7459,0.7823,0.0438,0.8261,cpu,9043,45211,16,7,9,51,42,0.2,data/raw/bank_marketing_openml.csv,median-impute numeric + one-hot categorical,Phase 5 scalability full-train row with the fixed Phase 4 baseline settings.
bank_marketing,full,36168,42,bank_marketing_fixed_test_seed42_full_train,TabPFN v2,accuracy,0.9128,0.7214,0.755,1.2983,74.3565,75.6549,cuda,9043,45211,16,7,9,16,42,0.2,data/raw/bank_marketing_openml.csv,median-impute numeric + ordinal categorical,"Phase 5 scalability full-train row; used ignore_pretraining_limits=True because train size exceeds the official 10,000-sample support, so this is a constrained result."
bank_marketing,full,36168,42,bank_marketing_fixed_test_seed42_full_train,TabICL,accuracy,0.9132,0.7602,0.7765,0.7081,22.6277,23.3358,cuda,9043,45211,16,7,9,16,42,0.2,data/raw/bank_marketing_openml.csv,TabICL TransformToNumerical (ordinal categorical + default numeric imputation),Phase 5 scalability full-train row; uses TabICLClassifier with the official tabicl-classifier-v2-20260212.ckpt checkpoint.
bank_marketing,full,36168,43,bank_marketing_fixed_test_seed43_full_train,LightGBM,accuracy,0.9059,0.7179,0.7439,0.6503,0.0824,0.7327,cpu,9043,45211,16,7,9,51,43,0.2,data/raw/bank_marketing_openml.csv,median-impute numeric + one-hot categorical,Phase 5 scalability full-train row with the fixed Phase 4 baseline settings.
bank_marketing,full,36168,43,bank_marketing_fixed_test_seed43_full_train,XGBoost,accuracy,0.9087,0.7166,0.7467,0.8551,0.0462,0.9013,cpu,9043,45211,16,7,9,51,43,0.2,data/raw/bank_marketing_openml.csv,median-impute numeric + one-hot categorical,Phase 5 scalability full-train row with the fixed Phase 4 baseline settings.
bank_marketing,full,36168,43,bank_marketing_fixed_test_seed43_full_train,TabPFN v2,accuracy,0.9114,0.7231,0.7542,1.8126,77.859,79.6716,cuda,9043,45211,16,7,9,16,43,0.2,data/raw/bank_marketing_openml.csv,median-impute numeric + ordinal categorical,"Phase 5 scalability full-train row; used ignore_pretraining_limits=True because train size exceeds the official 10,000-sample support, so this is a constrained result."
bank_marketing,full,36168,43,bank_marketing_fixed_test_seed43_full_train,TabICL,accuracy,0.913,0.7527,0.7725,0.7678,23.2421,24.0099,cuda,9043,45211,16,7,9,16,43,0.2,data/raw/bank_marketing_openml.csv,TabICL TransformToNumerical (ordinal categorical + default numeric imputation),Phase 5 scalability full-train row; uses TabICLClassifier with the official tabicl-classifier-v2-20260212.ckpt checkpoint.
bank_marketing,full,36168,44,bank_marketing_fixed_test_seed44_full_train,LightGBM,accuracy,0.9085,0.7244,0.7511,0.638,0.0815,0.7195,cpu,9043,45211,16,7,9,51,44,0.2,data/raw/bank_marketing_openml.csv,median-impute numeric + one-hot categorical,Phase 5 scalability full-train row with the fixed Phase 4 baseline settings.
bank_marketing,full,36168,44,bank_marketing_fixed_test_seed44_full_train,XGBoost,accuracy,0.9097,0.7201,0.7501,0.8385,0.0482,0.8867,cpu,9043,45211,16,7,9,51,44,0.2,data/raw/bank_marketing_openml.csv,median-impute numeric + one-hot categorical,Phase 5 scalability full-train row with the fixed Phase 4 baseline settings.
bank_marketing,full,36168,44,bank_marketing_fixed_test_seed44_full_train,TabPFN v2,accuracy,0.9123,0.7167,0.7516,1.3502,79.1511,80.5013,cuda,9043,45211,16,7,9,16,44,0.2,data/raw/bank_marketing_openml.csv,median-impute numeric + ordinal categorical,"Phase 5 scalability full-train row; used ignore_pretraining_limits=True because train size exceeds the official 10,000-sample support, so this is a constrained result."
bank_marketing,full,36168,44,bank_marketing_fixed_test_seed44_full_train,TabICL,accuracy,0.9135,0.7571,0.7755,0.72,19.3364,20.0564,cuda,9043,45211,16,7,9,16,44,0.2,data/raw/bank_marketing_openml.csv,TabICL TransformToNumerical (ordinal categorical + default numeric imputation),Phase 5 scalability full-train row; uses TabICLClassifier with the official tabicl-classifier-v2-20260212.ckpt checkpoint.
bank_marketing,full,36168,45,bank_marketing_fixed_test_seed45_full_train,LightGBM,accuracy,0.9088,0.7311,0.7552,0.6476,0.0843,0.7319,cpu,9043,45211,16,7,9,51,45,0.2,data/raw/bank_marketing_openml.csv,median-impute numeric + one-hot categorical,Phase 5 scalability full-train row with the fixed Phase 4 baseline settings.
bank_marketing,full,36168,45,bank_marketing_fixed_test_seed45_full_train,XGBoost,accuracy,0.9053,0.7131,0.7403,0.8359,0.0516,0.8875,cpu,9043,45211,16,7,9,51,45,0.2,data/raw/bank_marketing_openml.csv,median-impute numeric + one-hot categorical,Phase 5 scalability full-train row with the fixed Phase 4 baseline settings.
bank_marketing,full,36168,45,bank_marketing_fixed_test_seed45_full_train,TabPFN v2,accuracy,0.9103,0.7217,0.7519,1.3654,79.959,81.3244,cuda,9043,45211,16,7,9,16,45,0.2,data/raw/bank_marketing_openml.csv,median-impute numeric + ordinal categorical,"Phase 5 scalability full-train row; used ignore_pretraining_limits=True because train size exceeds the official 10,000-sample support, so this is a constrained result."
bank_marketing,full,36168,45,bank_marketing_fixed_test_seed45_full_train,TabICL,accuracy,0.9104,0.7607,0.7729,0.6829,19.4318,20.1147,cuda,9043,45211,16,7,9,16,45,0.2,data/raw/bank_marketing_openml.csv,TabICL TransformToNumerical (ordinal categorical + default numeric imputation),Phase 5 scalability full-train row; uses TabICLClassifier with the official tabicl-classifier-v2-20260212.ckpt checkpoint.
bank_marketing,full,36168,46,bank_marketing_fixed_test_seed46_full_train,LightGBM,accuracy,0.9082,0.7361,0.7573,0.6356,0.0822,0.7178,cpu,9043,45211,16,7,9,51,46,0.2,data/raw/bank_marketing_openml.csv,median-impute numeric + one-hot categorical,Phase 5 scalability full-train row with the fixed Phase 4 baseline settings.
bank_marketing,full,36168,46,bank_marketing_fixed_test_seed46_full_train,XGBoost,accuracy,0.9089,0.727,0.7531,0.8756,0.0472,0.9229,cpu,9043,45211,16,7,9,51,46,0.2,data/raw/bank_marketing_openml.csv,median-impute numeric + one-hot categorical,Phase 5 scalability full-train row with the fixed Phase 4 baseline settings.
bank_marketing,full,36168,46,bank_marketing_fixed_test_seed46_full_train,TabPFN v2,accuracy,0.908,0.7216,0.7488,1.3587,79.0334,80.392,cuda,9043,45211,16,7,9,16,46,0.2,data/raw/bank_marketing_openml.csv,median-impute numeric + ordinal categorical,"Phase 5 scalability full-train row; used ignore_pretraining_limits=True because train size exceeds the official 10,000-sample support, so this is a constrained result."
bank_marketing,full,36168,46,bank_marketing_fixed_test_seed46_full_train,TabICL,accuracy,0.9093,0.7687,0.7752,0.7015,19.3003,20.0019,cuda,9043,45211,16,7,9,16,46,0.2,data/raw/bank_marketing_openml.csv,TabICL TransformToNumerical (ordinal categorical + default numeric imputation),Phase 5 scalability full-train row; uses TabICLClassifier with the official tabicl-classifier-v2-20260212.ckpt checkpoint.
