dataset,scenario,seed,split,model,metric,accuracy,balanced_accuracy,macro_f1,fit_seconds,predict_seconds,total_seconds,device,train_size,test_size,n_samples_total,n_features_raw,n_numeric_features,n_categorical_features,n_features_after_preprocessing,random_state,test_size_ratio,data_cache,input_representation,notes
adult,control_10k,42,adult_fixed_test_seed42_train10000,LightGBM,accuracy,0.8684,0.7924,0.8086,0.2203,0.0868,0.3071,cpu,10000,9769,48842,14,6,8,104,42,0.2,/home/mr/src/Tabular_Foundation_Models/data/raw/adult_openml.csv,median-impute numeric + one-hot categorical,Fixed test set + seed-specific 10k train subset in the unified Phase 4 mainline table.
adult,control_10k,42,adult_fixed_test_seed42_train10000,XGBoost,accuracy,0.8681,0.7875,0.8062,0.517,0.0492,0.5662,cpu,10000,9769,48842,14,6,8,104,42,0.2,/home/mr/src/Tabular_Foundation_Models/data/raw/adult_openml.csv,median-impute numeric + one-hot categorical,Fixed test set + seed-specific 10k train subset in the unified Phase 4 mainline table.
adult,control_10k,42,adult_fixed_test_seed42_train10000,TabPFN v2,accuracy,0.8621,0.7807,0.7981,0.5252,13.8183,14.3435,cuda,10000,9769,48842,14,6,8,14,42,0.2,/home/mr/src/Tabular_Foundation_Models/data/raw/adult_openml.csv,median-impute numeric + ordinal categorical,Fixed test set + seed-specific 10k train subset within TabPFN support range; trained without ignore_pretraining_limits=True.
adult,control_10k,42,adult_fixed_test_seed42_train10000,TabICL,accuracy,0.8703,0.7907,0.8095,0.5801,4.861,5.4411,cuda,10000,9769,48842,14,6,8,14,42,0.2,/home/mr/src/Tabular_Foundation_Models/data/raw/adult_openml.csv,TabICL TransformToNumerical (ordinal categorical + default numeric imputation),Fixed test set + seed-specific 10k train subset; uses TabICLClassifier with the official tabicl-classifier-v2-20260212.ckpt checkpoint.
adult,control_10k,43,adult_fixed_test_seed43_train10000,LightGBM,accuracy,0.8712,0.7963,0.8128,0.3802,0.0925,0.4726,cpu,10000,9769,48842,14,6,8,105,43,0.2,/home/mr/src/Tabular_Foundation_Models/data/raw/adult_openml.csv,median-impute numeric + one-hot categorical,Fixed test set + seed-specific 10k train subset in the unified Phase 4 mainline table.
adult,control_10k,43,adult_fixed_test_seed43_train10000,XGBoost,accuracy,0.8708,0.7927,0.8108,0.3476,0.0491,0.3967,cpu,10000,9769,48842,14,6,8,105,43,0.2,/home/mr/src/Tabular_Foundation_Models/data/raw/adult_openml.csv,median-impute numeric + one-hot categorical,Fixed test set + seed-specific 10k train subset in the unified Phase 4 mainline table.
adult,control_10k,43,adult_fixed_test_seed43_train10000,TabPFN v2,accuracy,0.8641,0.785,0.8017,0.3935,12.7551,13.1486,cuda,10000,9769,48842,14,6,8,14,43,0.2,/home/mr/src/Tabular_Foundation_Models/data/raw/adult_openml.csv,median-impute numeric + ordinal categorical,Fixed test set + seed-specific 10k train subset within TabPFN support range; trained without ignore_pretraining_limits=True.
adult,control_10k,43,adult_fixed_test_seed43_train10000,TabICL,accuracy,0.8698,0.7917,0.8095,0.768,4.832,5.6,cuda,10000,9769,48842,14,6,8,14,43,0.2,/home/mr/src/Tabular_Foundation_Models/data/raw/adult_openml.csv,TabICL TransformToNumerical (ordinal categorical + default numeric imputation),Fixed test set + seed-specific 10k train subset; uses TabICLClassifier with the official tabicl-classifier-v2-20260212.ckpt checkpoint.
adult,control_10k,44,adult_fixed_test_seed44_train10000,LightGBM,accuracy,0.8688,0.7947,0.8099,0.2253,0.0893,0.3147,cpu,10000,9769,48842,14,6,8,104,44,0.2,/home/mr/src/Tabular_Foundation_Models/data/raw/adult_openml.csv,median-impute numeric + one-hot categorical,Fixed test set + seed-specific 10k train subset in the unified Phase 4 mainline table.
adult,control_10k,44,adult_fixed_test_seed44_train10000,XGBoost,accuracy,0.8671,0.7851,0.8043,0.3663,0.0523,0.4186,cpu,10000,9769,48842,14,6,8,104,44,0.2,/home/mr/src/Tabular_Foundation_Models/data/raw/adult_openml.csv,median-impute numeric + one-hot categorical,Fixed test set + seed-specific 10k train subset in the unified Phase 4 mainline table.
adult,control_10k,44,adult_fixed_test_seed44_train10000,TabPFN v2,accuracy,0.8561,0.7679,0.787,0.3587,12.7346,13.0934,cuda,10000,9769,48842,14,6,8,14,44,0.2,/home/mr/src/Tabular_Foundation_Models/data/raw/adult_openml.csv,median-impute numeric + ordinal categorical,Fixed test set + seed-specific 10k train subset within TabPFN support range; trained without ignore_pretraining_limits=True.
adult,control_10k,44,adult_fixed_test_seed44_train10000,TabICL,accuracy,0.864,0.7856,0.8018,0.4688,4.5172,4.986,cuda,10000,9769,48842,14,6,8,14,44,0.2,/home/mr/src/Tabular_Foundation_Models/data/raw/adult_openml.csv,TabICL TransformToNumerical (ordinal categorical + default numeric imputation),Fixed test set + seed-specific 10k train subset; uses TabICLClassifier with the official tabicl-classifier-v2-20260212.ckpt checkpoint.
adult,control_10k,45,adult_fixed_test_seed45_train10000,LightGBM,accuracy,0.8699,0.7895,0.8086,0.2161,0.0897,0.3057,cpu,10000,9769,48842,14,6,8,104,45,0.2,/home/mr/src/Tabular_Foundation_Models/data/raw/adult_openml.csv,median-impute numeric + one-hot categorical,Fixed test set + seed-specific 10k train subset in the unified Phase 4 mainline table.
adult,control_10k,45,adult_fixed_test_seed45_train10000,XGBoost,accuracy,0.8727,0.7869,0.8098,0.3654,0.0471,0.4125,cpu,10000,9769,48842,14,6,8,104,45,0.2,/home/mr/src/Tabular_Foundation_Models/data/raw/adult_openml.csv,median-impute numeric + one-hot categorical,Fixed test set + seed-specific 10k train subset in the unified Phase 4 mainline table.
adult,control_10k,45,adult_fixed_test_seed45_train10000,TabPFN v2,accuracy,0.8619,0.786,0.8003,0.3518,11.5632,11.915,cuda,10000,9769,48842,14,6,8,14,45,0.2,/home/mr/src/Tabular_Foundation_Models/data/raw/adult_openml.csv,median-impute numeric + ordinal categorical,Fixed test set + seed-specific 10k train subset within TabPFN support range; trained without ignore_pretraining_limits=True.
adult,control_10k,45,adult_fixed_test_seed45_train10000,TabICL,accuracy,0.8693,0.8003,0.8127,0.4586,4.6218,5.0804,cuda,10000,9769,48842,14,6,8,14,45,0.2,/home/mr/src/Tabular_Foundation_Models/data/raw/adult_openml.csv,TabICL TransformToNumerical (ordinal categorical + default numeric imputation),Fixed test set + seed-specific 10k train subset; uses TabICLClassifier with the official tabicl-classifier-v2-20260212.ckpt checkpoint.
adult,control_10k,46,adult_fixed_test_seed46_train10000,LightGBM,accuracy,0.8677,0.7942,0.8088,0.2248,0.0987,0.3235,cpu,10000,9769,48842,14,6,8,104,46,0.2,/home/mr/src/Tabular_Foundation_Models/data/raw/adult_openml.csv,median-impute numeric + one-hot categorical,Fixed test set + seed-specific 10k train subset in the unified Phase 4 mainline table.
adult,control_10k,46,adult_fixed_test_seed46_train10000,XGBoost,accuracy,0.8705,0.7915,0.81,0.374,0.0521,0.4262,cpu,10000,9769,48842,14,6,8,104,46,0.2,/home/mr/src/Tabular_Foundation_Models/data/raw/adult_openml.csv,median-impute numeric + one-hot categorical,Fixed test set + seed-specific 10k train subset in the unified Phase 4 mainline table.
adult,control_10k,46,adult_fixed_test_seed46_train10000,TabPFN v2,accuracy,0.8627,0.7751,0.7959,0.3827,12.7459,13.1286,cuda,10000,9769,48842,14,6,8,14,46,0.2,/home/mr/src/Tabular_Foundation_Models/data/raw/adult_openml.csv,median-impute numeric + ordinal categorical,Fixed test set + seed-specific 10k train subset within TabPFN support range; trained without ignore_pretraining_limits=True.
adult,control_10k,46,adult_fixed_test_seed46_train10000,TabICL,accuracy,0.8672,0.7861,0.8048,0.5156,4.5834,5.099,cuda,10000,9769,48842,14,6,8,14,46,0.2,/home/mr/src/Tabular_Foundation_Models/data/raw/adult_openml.csv,TabICL TransformToNumerical (ordinal categorical + default numeric imputation),Fixed test set + seed-specific 10k train subset; uses TabICLClassifier with the official tabicl-classifier-v2-20260212.ckpt checkpoint.
adult,full_train_reference,42,adult_fixed_test_seed42_full_train,LightGBM,accuracy,0.8751,0.8004,0.8179,0.7782,0.0905,0.8688,cpu,39073,9769,48842,14,6,8,105,42,0.2,/home/mr/src/Tabular_Foundation_Models/data/raw/adult_openml.csv,median-impute numeric + one-hot categorical,Full-train reference row in the unified Phase 4 mainline table.
adult,full_train_reference,42,adult_fixed_test_seed42_full_train,XGBoost,accuracy,0.8743,0.7941,0.8145,1.1792,0.0496,1.2288,cpu,39073,9769,48842,14,6,8,105,42,0.2,/home/mr/src/Tabular_Foundation_Models/data/raw/adult_openml.csv,median-impute numeric + one-hot categorical,Full-train reference row in the unified Phase 4 mainline table.
adult,full_train_reference,42,adult_fixed_test_seed42_full_train,TabPFN v2,accuracy,0.865,0.7812,0.8007,1.4124,81.6987,83.1111,cuda,39073,9769,48842,14,6,8,14,42,0.2,/home/mr/src/Tabular_Foundation_Models/data/raw/adult_openml.csv,median-impute numeric + ordinal categorical,"Full-train reference row; used ignore_pretraining_limits=True because train size exceeds the official 10,000-sample support, so this is a constrained result."
adult,full_train_reference,42,adult_fixed_test_seed42_full_train,TabICL,accuracy,0.8729,0.7946,0.8135,0.7247,25.9959,26.7205,cuda,39073,9769,48842,14,6,8,14,42,0.2,/home/mr/src/Tabular_Foundation_Models/data/raw/adult_openml.csv,TabICL TransformToNumerical (ordinal categorical + default numeric imputation),Full-train reference row; uses TabICLClassifier with the official tabicl-classifier-v2-20260212.ckpt checkpoint and internal TransformToNumerical.
adult,full_train_reference,43,adult_fixed_test_seed43_full_train,LightGBM,accuracy,0.8781,0.8079,0.8236,0.747,0.0956,0.8427,cpu,39073,9769,48842,14,6,8,105,43,0.2,/home/mr/src/Tabular_Foundation_Models/data/raw/adult_openml.csv,median-impute numeric + one-hot categorical,Full-train reference row in the unified Phase 4 mainline table.
adult,full_train_reference,43,adult_fixed_test_seed43_full_train,XGBoost,accuracy,0.8781,0.8035,0.8218,1.2007,0.0499,1.2506,cpu,39073,9769,48842,14,6,8,105,43,0.2,/home/mr/src/Tabular_Foundation_Models/data/raw/adult_openml.csv,median-impute numeric + one-hot categorical,Full-train reference row in the unified Phase 4 mainline table.
adult,full_train_reference,43,adult_fixed_test_seed43_full_train,TabPFN v2,accuracy,0.8654,0.7846,0.8026,1.3818,81.7685,83.1503,cuda,39073,9769,48842,14,6,8,14,43,0.2,/home/mr/src/Tabular_Foundation_Models/data/raw/adult_openml.csv,median-impute numeric + ordinal categorical,"Full-train reference row; used ignore_pretraining_limits=True because train size exceeds the official 10,000-sample support, so this is a constrained result."
adult,full_train_reference,43,adult_fixed_test_seed43_full_train,TabICL,accuracy,0.8717,0.7891,0.81,0.7492,31.4507,32.1999,cuda,39073,9769,48842,14,6,8,14,43,0.2,/home/mr/src/Tabular_Foundation_Models/data/raw/adult_openml.csv,TabICL TransformToNumerical (ordinal categorical + default numeric imputation),Full-train reference row; uses TabICLClassifier with the official tabicl-classifier-v2-20260212.ckpt checkpoint and internal TransformToNumerical.
adult,full_train_reference,44,adult_fixed_test_seed44_full_train,LightGBM,accuracy,0.8721,0.7968,0.8138,0.7415,0.0977,0.8392,cpu,39073,9769,48842,14,6,8,104,44,0.2,/home/mr/src/Tabular_Foundation_Models/data/raw/adult_openml.csv,median-impute numeric + one-hot categorical,Full-train reference row in the unified Phase 4 mainline table.
adult,full_train_reference,44,adult_fixed_test_seed44_full_train,XGBoost,accuracy,0.8695,0.7868,0.8071,1.1412,0.0522,1.1935,cpu,39073,9769,48842,14,6,8,104,44,0.2,/home/mr/src/Tabular_Foundation_Models/data/raw/adult_openml.csv,median-impute numeric + one-hot categorical,Full-train reference row in the unified Phase 4 mainline table.
adult,full_train_reference,44,adult_fixed_test_seed44_full_train,TabPFN v2,accuracy,0.8597,0.7682,0.79,1.3348,78.42,79.7547,cuda,39073,9769,48842,14,6,8,14,44,0.2,/home/mr/src/Tabular_Foundation_Models/data/raw/adult_openml.csv,median-impute numeric + ordinal categorical,"Full-train reference row; used ignore_pretraining_limits=True because train size exceeds the official 10,000-sample support, so this is a constrained result."
adult,full_train_reference,44,adult_fixed_test_seed44_full_train,TabICL,accuracy,0.872,0.7919,0.8115,0.7232,20.6995,21.4227,cuda,39073,9769,48842,14,6,8,14,44,0.2,/home/mr/src/Tabular_Foundation_Models/data/raw/adult_openml.csv,TabICL TransformToNumerical (ordinal categorical + default numeric imputation),Full-train reference row; uses TabICLClassifier with the official tabicl-classifier-v2-20260212.ckpt checkpoint and internal TransformToNumerical.
adult,full_train_reference,45,adult_fixed_test_seed45_full_train,LightGBM,accuracy,0.8773,0.8002,0.8197,0.7528,0.0961,0.8489,cpu,39073,9769,48842,14,6,8,105,45,0.2,/home/mr/src/Tabular_Foundation_Models/data/raw/adult_openml.csv,median-impute numeric + one-hot categorical,Full-train reference row in the unified Phase 4 mainline table.
adult,full_train_reference,45,adult_fixed_test_seed45_full_train,XGBoost,accuracy,0.8765,0.7966,0.8176,1.1296,0.0507,1.1803,cpu,39073,9769,48842,14,6,8,105,45,0.2,/home/mr/src/Tabular_Foundation_Models/data/raw/adult_openml.csv,median-impute numeric + one-hot categorical,Full-train reference row in the unified Phase 4 mainline table.
adult,full_train_reference,45,adult_fixed_test_seed45_full_train,TabPFN v2,accuracy,0.8633,0.7784,0.798,1.3355,82.923,84.2585,cuda,39073,9769,48842,14,6,8,14,45,0.2,/home/mr/src/Tabular_Foundation_Models/data/raw/adult_openml.csv,median-impute numeric + ordinal categorical,"Full-train reference row; used ignore_pretraining_limits=True because train size exceeds the official 10,000-sample support, so this is a constrained result."
adult,full_train_reference,45,adult_fixed_test_seed45_full_train,TabICL,accuracy,0.8693,0.8113,0.8171,0.736,36.3559,37.0919,cuda,39073,9769,48842,14,6,8,14,45,0.2,/home/mr/src/Tabular_Foundation_Models/data/raw/adult_openml.csv,TabICL TransformToNumerical (ordinal categorical + default numeric imputation),Full-train reference row; uses TabICLClassifier with the official tabicl-classifier-v2-20260212.ckpt checkpoint and internal TransformToNumerical.
adult,full_train_reference,46,adult_fixed_test_seed46_full_train,LightGBM,accuracy,0.8734,0.8013,0.8167,0.7556,0.1081,0.8637,cpu,39073,9769,48842,14,6,8,105,46,0.2,/home/mr/src/Tabular_Foundation_Models/data/raw/adult_openml.csv,median-impute numeric + one-hot categorical,Full-train reference row in the unified Phase 4 mainline table.
adult,full_train_reference,46,adult_fixed_test_seed46_full_train,XGBoost,accuracy,0.8729,0.7957,0.8139,1.1999,0.058,1.2579,cpu,39073,9769,48842,14,6,8,105,46,0.2,/home/mr/src/Tabular_Foundation_Models/data/raw/adult_openml.csv,median-impute numeric + one-hot categorical,Full-train reference row in the unified Phase 4 mainline table.
adult,full_train_reference,46,adult_fixed_test_seed46_full_train,TabPFN v2,accuracy,0.8633,0.7766,0.7972,1.4723,82.3844,83.8567,cuda,39073,9769,48842,14,6,8,14,46,0.2,/home/mr/src/Tabular_Foundation_Models/data/raw/adult_openml.csv,median-impute numeric + ordinal categorical,"Full-train reference row; used ignore_pretraining_limits=True because train size exceeds the official 10,000-sample support, so this is a constrained result."
adult,full_train_reference,46,adult_fixed_test_seed46_full_train,TabICL,accuracy,0.8677,0.8084,0.8146,0.7423,29.0095,29.7518,cuda,39073,9769,48842,14,6,8,14,46,0.2,/home/mr/src/Tabular_Foundation_Models/data/raw/adult_openml.csv,TabICL TransformToNumerical (ordinal categorical + default numeric imputation),Full-train reference row; uses TabICLClassifier with the official tabicl-classifier-v2-20260212.ckpt checkpoint and internal TransformToNumerical.
bank_marketing,control_10k,42,bank_marketing_fixed_test_seed42_train10000,LightGBM,accuracy,0.9043,0.7048,0.7338,0.2289,0.0821,0.311,cpu,10000,9043,45211,16,7,9,51,42,0.2,/home/mr/src/Tabular_Foundation_Models/data/raw/bank_marketing_openml.csv,median-impute numeric + one-hot categorical,Fixed test set + seed-specific 10k train subset in the unified Phase 4 mainline table.
bank_marketing,control_10k,42,bank_marketing_fixed_test_seed42_train10000,XGBoost,accuracy,0.9047,0.6964,0.7287,0.2853,0.045,0.3303,cpu,10000,9043,45211,16,7,9,51,42,0.2,/home/mr/src/Tabular_Foundation_Models/data/raw/bank_marketing_openml.csv,median-impute numeric + one-hot categorical,Fixed test set + seed-specific 10k train subset in the unified Phase 4 mainline table.
bank_marketing,control_10k,42,bank_marketing_fixed_test_seed42_train10000,TabPFN v2,accuracy,0.9114,0.7268,0.7564,0.409,12.8399,13.2488,cuda,10000,9043,45211,16,7,9,16,42,0.2,/home/mr/src/Tabular_Foundation_Models/data/raw/bank_marketing_openml.csv,median-impute numeric + ordinal categorical,Fixed test set + seed-specific 10k train subset within TabPFN support range; trained without ignore_pretraining_limits=True.
bank_marketing,control_10k,42,bank_marketing_fixed_test_seed42_train10000,TabICL,accuracy,0.9106,0.7522,0.769,0.4578,4.6159,5.0737,cuda,10000,9043,45211,16,7,9,16,42,0.2,/home/mr/src/Tabular_Foundation_Models/data/raw/bank_marketing_openml.csv,TabICL TransformToNumerical (ordinal categorical + default numeric imputation),Fixed test set + seed-specific 10k train subset; uses TabICLClassifier with the official tabicl-classifier-v2-20260212.ckpt checkpoint.
bank_marketing,control_10k,43,bank_marketing_fixed_test_seed43_train10000,LightGBM,accuracy,0.9053,0.7086,0.7375,0.2248,0.087,0.3118,cpu,10000,9043,45211,16,7,9,51,43,0.2,/home/mr/src/Tabular_Foundation_Models/data/raw/bank_marketing_openml.csv,median-impute numeric + one-hot categorical,Fixed test set + seed-specific 10k train subset in the unified Phase 4 mainline table.
bank_marketing,control_10k,43,bank_marketing_fixed_test_seed43_train10000,XGBoost,accuracy,0.9036,0.7035,0.7321,0.2956,0.0493,0.3449,cpu,10000,9043,45211,16,7,9,51,43,0.2,/home/mr/src/Tabular_Foundation_Models/data/raw/bank_marketing_openml.csv,median-impute numeric + one-hot categorical,Fixed test set + seed-specific 10k train subset in the unified Phase 4 mainline table.
bank_marketing,control_10k,43,bank_marketing_fixed_test_seed43_train10000,TabPFN v2,accuracy,0.9097,0.7246,0.7527,0.4127,12.858,13.2707,cuda,10000,9043,45211,16,7,9,16,43,0.2,/home/mr/src/Tabular_Foundation_Models/data/raw/bank_marketing_openml.csv,median-impute numeric + ordinal categorical,Fixed test set + seed-specific 10k train subset within TabPFN support range; trained without ignore_pretraining_limits=True.
bank_marketing,control_10k,43,bank_marketing_fixed_test_seed43_train10000,TabICL,accuracy,0.9093,0.7322,0.7566,0.4987,4.6236,5.1223,cuda,10000,9043,45211,16,7,9,16,43,0.2,/home/mr/src/Tabular_Foundation_Models/data/raw/bank_marketing_openml.csv,TabICL TransformToNumerical (ordinal categorical + default numeric imputation),Fixed test set + seed-specific 10k train subset; uses TabICLClassifier with the official tabicl-classifier-v2-20260212.ckpt checkpoint.
bank_marketing,control_10k,44,bank_marketing_fixed_test_seed44_train10000,LightGBM,accuracy,0.9063,0.7067,0.7376,0.2276,0.0894,0.317,cpu,10000,9043,45211,16,7,9,51,44,0.2,/home/mr/src/Tabular_Foundation_Models/data/raw/bank_marketing_openml.csv,median-impute numeric + one-hot categorical,Fixed test set + seed-specific 10k train subset in the unified Phase 4 mainline table.
bank_marketing,control_10k,44,bank_marketing_fixed_test_seed44_train10000,XGBoost,accuracy,0.9061,0.7,0.7329,0.2979,0.0452,0.3432,cpu,10000,9043,45211,16,7,9,51,44,0.2,/home/mr/src/Tabular_Foundation_Models/data/raw/bank_marketing_openml.csv,median-impute numeric + one-hot categorical,Fixed test set + seed-specific 10k train subset in the unified Phase 4 mainline table.
bank_marketing,control_10k,44,bank_marketing_fixed_test_seed44_train10000,TabPFN v2,accuracy,0.9079,0.7027,0.7369,0.3877,12.8019,13.1897,cuda,10000,9043,45211,16,7,9,16,44,0.2,/home/mr/src/Tabular_Foundation_Models/data/raw/bank_marketing_openml.csv,median-impute numeric + ordinal categorical,Fixed test set + seed-specific 10k train subset within TabPFN support range; trained without ignore_pretraining_limits=True.
bank_marketing,control_10k,44,bank_marketing_fixed_test_seed44_train10000,TabICL,accuracy,0.9116,0.7405,0.7643,0.5147,4.5409,5.0556,cuda,10000,9043,45211,16,7,9,16,44,0.2,/home/mr/src/Tabular_Foundation_Models/data/raw/bank_marketing_openml.csv,TabICL TransformToNumerical (ordinal categorical + default numeric imputation),Fixed test set + seed-specific 10k train subset; uses TabICLClassifier with the official tabicl-classifier-v2-20260212.ckpt checkpoint.
bank_marketing,control_10k,45,bank_marketing_fixed_test_seed45_train10000,LightGBM,accuracy,0.9036,0.7158,0.7397,0.2269,0.0864,0.3133,cpu,10000,9043,45211,16,7,9,51,45,0.2,/home/mr/src/Tabular_Foundation_Models/data/raw/bank_marketing_openml.csv,median-impute numeric + one-hot categorical,Fixed test set + seed-specific 10k train subset in the unified Phase 4 mainline table.
bank_marketing,control_10k,45,bank_marketing_fixed_test_seed45_train10000,XGBoost,accuracy,0.9038,0.7106,0.7368,0.292,0.0505,0.3425,cpu,10000,9043,45211,16,7,9,51,45,0.2,/home/mr/src/Tabular_Foundation_Models/data/raw/bank_marketing_openml.csv,median-impute numeric + one-hot categorical,Fixed test set + seed-specific 10k train subset in the unified Phase 4 mainline table.
bank_marketing,control_10k,45,bank_marketing_fixed_test_seed45_train10000,TabPFN v2,accuracy,0.9088,0.7286,0.7539,0.4032,12.6392,13.0424,cuda,10000,9043,45211,16,7,9,16,45,0.2,/home/mr/src/Tabular_Foundation_Models/data/raw/bank_marketing_openml.csv,median-impute numeric + ordinal categorical,Fixed test set + seed-specific 10k train subset within TabPFN support range; trained without ignore_pretraining_limits=True.
bank_marketing,control_10k,45,bank_marketing_fixed_test_seed45_train10000,TabICL,accuracy,0.9062,0.7399,0.7567,0.4681,4.5349,5.003,cuda,10000,9043,45211,16,7,9,16,45,0.2,/home/mr/src/Tabular_Foundation_Models/data/raw/bank_marketing_openml.csv,TabICL TransformToNumerical (ordinal categorical + default numeric imputation),Fixed test set + seed-specific 10k train subset; uses TabICLClassifier with the official tabicl-classifier-v2-20260212.ckpt checkpoint.
bank_marketing,control_10k,46,bank_marketing_fixed_test_seed46_train10000,LightGBM,accuracy,0.9026,0.7103,0.7351,0.2359,0.0851,0.321,cpu,10000,9043,45211,16,7,9,51,46,0.2,/home/mr/src/Tabular_Foundation_Models/data/raw/bank_marketing_openml.csv,median-impute numeric + one-hot categorical,Fixed test set + seed-specific 10k train subset in the unified Phase 4 mainline table.
bank_marketing,control_10k,46,bank_marketing_fixed_test_seed46_train10000,XGBoost,accuracy,0.9017,0.6992,0.727,0.2842,0.0455,0.3297,cpu,10000,9043,45211,16,7,9,51,46,0.2,/home/mr/src/Tabular_Foundation_Models/data/raw/bank_marketing_openml.csv,median-impute numeric + one-hot categorical,Fixed test set + seed-specific 10k train subset in the unified Phase 4 mainline table.
bank_marketing,control_10k,46,bank_marketing_fixed_test_seed46_train10000,TabPFN v2,accuracy,0.9089,0.725,0.7519,0.4045,12.5972,13.0017,cuda,10000,9043,45211,16,7,9,16,46,0.2,/home/mr/src/Tabular_Foundation_Models/data/raw/bank_marketing_openml.csv,median-impute numeric + ordinal categorical,Fixed test set + seed-specific 10k train subset within TabPFN support range; trained without ignore_pretraining_limits=True.
bank_marketing,control_10k,46,bank_marketing_fixed_test_seed46_train10000,TabICL,accuracy,0.9088,0.7335,0.7566,0.4988,4.5362,5.035,cuda,10000,9043,45211,16,7,9,16,46,0.2,/home/mr/src/Tabular_Foundation_Models/data/raw/bank_marketing_openml.csv,TabICL TransformToNumerical (ordinal categorical + default numeric imputation),Fixed test set + seed-specific 10k train subset; uses TabICLClassifier with the official tabicl-classifier-v2-20260212.ckpt checkpoint.
bank_marketing,full_train_reference,42,bank_marketing_fixed_test_seed42_full_train,LightGBM,accuracy,0.91,0.7272,0.7547,0.6361,0.0878,0.7239,cpu,36168,9043,45211,16,7,9,51,42,0.2,/home/mr/src/Tabular_Foundation_Models/data/raw/bank_marketing_openml.csv,median-impute numeric + one-hot categorical,Full-train reference row in the unified Phase 4 mainline table.
bank_marketing,full_train_reference,42,bank_marketing_fixed_test_seed42_full_train,XGBoost,accuracy,0.9088,0.7151,0.7459,0.8235,0.0487,0.8722,cpu,36168,9043,45211,16,7,9,51,42,0.2,/home/mr/src/Tabular_Foundation_Models/data/raw/bank_marketing_openml.csv,median-impute numeric + one-hot categorical,Full-train reference row in the unified Phase 4 mainline table.
bank_marketing,full_train_reference,42,bank_marketing_fixed_test_seed42_full_train,TabPFN v2,accuracy,0.9128,0.7214,0.755,1.2927,78.8153,80.1081,cuda,36168,9043,45211,16,7,9,16,42,0.2,/home/mr/src/Tabular_Foundation_Models/data/raw/bank_marketing_openml.csv,median-impute numeric + ordinal categorical,"Full-train reference row; used ignore_pretraining_limits=True because train size exceeds the official 10,000-sample support, so this is a constrained result."
bank_marketing,full_train_reference,42,bank_marketing_fixed_test_seed42_full_train,TabICL,accuracy,0.9132,0.7602,0.7765,0.6805,19.9448,20.6253,cuda,36168,9043,45211,16,7,9,16,42,0.2,/home/mr/src/Tabular_Foundation_Models/data/raw/bank_marketing_openml.csv,TabICL TransformToNumerical (ordinal categorical + default numeric imputation),Full-train reference row; uses TabICLClassifier with the official tabicl-classifier-v2-20260212.ckpt checkpoint and internal TransformToNumerical.
bank_marketing,full_train_reference,43,bank_marketing_fixed_test_seed43_full_train,LightGBM,accuracy,0.9059,0.7179,0.7439,0.6145,0.0817,0.6962,cpu,36168,9043,45211,16,7,9,51,43,0.2,/home/mr/src/Tabular_Foundation_Models/data/raw/bank_marketing_openml.csv,median-impute numeric + one-hot categorical,Full-train reference row in the unified Phase 4 mainline table.
bank_marketing,full_train_reference,43,bank_marketing_fixed_test_seed43_full_train,XGBoost,accuracy,0.9087,0.7166,0.7467,0.8445,0.048,0.8925,cpu,36168,9043,45211,16,7,9,51,43,0.2,/home/mr/src/Tabular_Foundation_Models/data/raw/bank_marketing_openml.csv,median-impute numeric + one-hot categorical,Full-train reference row in the unified Phase 4 mainline table.
bank_marketing,full_train_reference,43,bank_marketing_fixed_test_seed43_full_train,TabPFN v2,accuracy,0.9114,0.7231,0.7542,1.3355,72.7759,74.1114,cuda,36168,9043,45211,16,7,9,16,43,0.2,/home/mr/src/Tabular_Foundation_Models/data/raw/bank_marketing_openml.csv,median-impute numeric + ordinal categorical,"Full-train reference row; used ignore_pretraining_limits=True because train size exceeds the official 10,000-sample support, so this is a constrained result."
bank_marketing,full_train_reference,43,bank_marketing_fixed_test_seed43_full_train,TabICL,accuracy,0.913,0.7527,0.7725,0.6842,17.7976,18.4818,cuda,36168,9043,45211,16,7,9,16,43,0.2,/home/mr/src/Tabular_Foundation_Models/data/raw/bank_marketing_openml.csv,TabICL TransformToNumerical (ordinal categorical + default numeric imputation),Full-train reference row; uses TabICLClassifier with the official tabicl-classifier-v2-20260212.ckpt checkpoint and internal TransformToNumerical.
bank_marketing,full_train_reference,44,bank_marketing_fixed_test_seed44_full_train,LightGBM,accuracy,0.9085,0.7244,0.7511,0.6292,0.0801,0.7092,cpu,36168,9043,45211,16,7,9,51,44,0.2,/home/mr/src/Tabular_Foundation_Models/data/raw/bank_marketing_openml.csv,median-impute numeric + one-hot categorical,Full-train reference row in the unified Phase 4 mainline table.
bank_marketing,full_train_reference,44,bank_marketing_fixed_test_seed44_full_train,XGBoost,accuracy,0.9097,0.7201,0.7501,0.8324,0.0474,0.8798,cpu,36168,9043,45211,16,7,9,51,44,0.2,/home/mr/src/Tabular_Foundation_Models/data/raw/bank_marketing_openml.csv,median-impute numeric + one-hot categorical,Full-train reference row in the unified Phase 4 mainline table.
bank_marketing,full_train_reference,44,bank_marketing_fixed_test_seed44_full_train,TabPFN v2,accuracy,0.9123,0.7167,0.7516,1.2783,78.0605,79.3388,cuda,36168,9043,45211,16,7,9,16,44,0.2,/home/mr/src/Tabular_Foundation_Models/data/raw/bank_marketing_openml.csv,median-impute numeric + ordinal categorical,"Full-train reference row; used ignore_pretraining_limits=True because train size exceeds the official 10,000-sample support, so this is a constrained result."
bank_marketing,full_train_reference,44,bank_marketing_fixed_test_seed44_full_train,TabICL,accuracy,0.9135,0.7571,0.7755,0.8162,21.4972,22.3134,cuda,36168,9043,45211,16,7,9,16,44,0.2,/home/mr/src/Tabular_Foundation_Models/data/raw/bank_marketing_openml.csv,TabICL TransformToNumerical (ordinal categorical + default numeric imputation),Full-train reference row; uses TabICLClassifier with the official tabicl-classifier-v2-20260212.ckpt checkpoint and internal TransformToNumerical.
bank_marketing,full_train_reference,45,bank_marketing_fixed_test_seed45_full_train,LightGBM,accuracy,0.9088,0.7311,0.7552,0.6665,0.0841,0.7506,cpu,36168,9043,45211,16,7,9,51,45,0.2,/home/mr/src/Tabular_Foundation_Models/data/raw/bank_marketing_openml.csv,median-impute numeric + one-hot categorical,Full-train reference row in the unified Phase 4 mainline table.
bank_marketing,full_train_reference,45,bank_marketing_fixed_test_seed45_full_train,XGBoost,accuracy,0.9053,0.7131,0.7403,0.8466,0.0504,0.8969,cpu,36168,9043,45211,16,7,9,51,45,0.2,/home/mr/src/Tabular_Foundation_Models/data/raw/bank_marketing_openml.csv,median-impute numeric + one-hot categorical,Full-train reference row in the unified Phase 4 mainline table.
bank_marketing,full_train_reference,45,bank_marketing_fixed_test_seed45_full_train,TabPFN v2,accuracy,0.9103,0.7217,0.7519,1.3311,87.9899,89.321,cuda,36168,9043,45211,16,7,9,16,45,0.2,/home/mr/src/Tabular_Foundation_Models/data/raw/bank_marketing_openml.csv,median-impute numeric + ordinal categorical,"Full-train reference row; used ignore_pretraining_limits=True because train size exceeds the official 10,000-sample support, so this is a constrained result."
bank_marketing,full_train_reference,45,bank_marketing_fixed_test_seed45_full_train,TabICL,accuracy,0.9104,0.7607,0.7729,0.7404,21.8017,22.5422,cuda,36168,9043,45211,16,7,9,16,45,0.2,/home/mr/src/Tabular_Foundation_Models/data/raw/bank_marketing_openml.csv,TabICL TransformToNumerical (ordinal categorical + default numeric imputation),Full-train reference row; uses TabICLClassifier with the official tabicl-classifier-v2-20260212.ckpt checkpoint and internal TransformToNumerical.
bank_marketing,full_train_reference,46,bank_marketing_fixed_test_seed46_full_train,LightGBM,accuracy,0.9082,0.7361,0.7573,0.6455,0.0863,0.7319,cpu,36168,9043,45211,16,7,9,51,46,0.2,/home/mr/src/Tabular_Foundation_Models/data/raw/bank_marketing_openml.csv,median-impute numeric + one-hot categorical,Full-train reference row in the unified Phase 4 mainline table.
bank_marketing,full_train_reference,46,bank_marketing_fixed_test_seed46_full_train,XGBoost,accuracy,0.9089,0.727,0.7531,0.8524,0.0501,0.9025,cpu,36168,9043,45211,16,7,9,51,46,0.2,/home/mr/src/Tabular_Foundation_Models/data/raw/bank_marketing_openml.csv,median-impute numeric + one-hot categorical,Full-train reference row in the unified Phase 4 mainline table.
bank_marketing,full_train_reference,46,bank_marketing_fixed_test_seed46_full_train,TabPFN v2,accuracy,0.908,0.7216,0.7488,1.4295,83.2717,84.7012,cuda,36168,9043,45211,16,7,9,16,46,0.2,/home/mr/src/Tabular_Foundation_Models/data/raw/bank_marketing_openml.csv,median-impute numeric + ordinal categorical,"Full-train reference row; used ignore_pretraining_limits=True because train size exceeds the official 10,000-sample support, so this is a constrained result."
bank_marketing,full_train_reference,46,bank_marketing_fixed_test_seed46_full_train,TabICL,accuracy,0.9093,0.7687,0.7752,0.7513,19.8415,20.5928,cuda,36168,9043,45211,16,7,9,16,46,0.2,/home/mr/src/Tabular_Foundation_Models/data/raw/bank_marketing_openml.csv,TabICL TransformToNumerical (ordinal categorical + default numeric imputation),Full-train reference row; uses TabICLClassifier with the official tabicl-classifier-v2-20260212.ckpt checkpoint and internal TransformToNumerical.
